-- phpMyAdmin SQL Dump
-- version 4.7.4
-- https://www.phpmyadmin.net/
--
-- Host: localhost
-- Generation Time: Mar 22, 2019 at 10:28 AM
-- Server version: 10.1.28-MariaDB
-- PHP Version: 5.6.32

SET SQL_MODE = "NO_AUTO_VALUE_ON_ZERO";
SET AUTOCOMMIT = 0;
START TRANSACTION;
SET time_zone = "+00:00";


/*!40101 SET @OLD_CHARACTER_SET_CLIENT=@@CHARACTER_SET_CLIENT */;
/*!40101 SET @OLD_CHARACTER_SET_RESULTS=@@CHARACTER_SET_RESULTS */;
/*!40101 SET @OLD_COLLATION_CONNECTION=@@COLLATION_CONNECTION */;
/*!40101 SET NAMES utf8mb4 */;

--
-- Database: `scijournal`
--

-- --------------------------------------------------------

--
-- Table structure for table `ci_sessions`
--

CREATE TABLE `ci_sessions` (
  `id` varchar(40) NOT NULL,
  `ip_address` varchar(45) NOT NULL,
  `timestamp` int(10) UNSIGNED NOT NULL DEFAULT '0',
  `data` blob NOT NULL
) ENGINE=InnoDB DEFAULT CHARSET=latin1;

--
-- Dumping data for table `ci_sessions`
--

INSERT INTO `ci_sessions` (`id`, `ip_address`, `timestamp`, `data`) VALUES
('003ff177f162a3b7488931882b9e046f6ea4320b', '10.1.142.59', 1553069466, 0x5f5f63695f6c6173745f726567656e65726174657c693a313535333036393436363b757365725f69647c733a313a2232223b757365725f656d61696c7c733a31353a2261646d696e406c6f63616c2e636f6d223b757365725f7072656669786e616d657c733a393a22e0b899e0b8b2e0b8a2223b757365725f6e616d657c733a32363a22e0b984e0b88ae0b8a2e0b8a7e0b8b1e0b892e0b8992020202020223b757365725f6c6173746e616d657c733a31383a22e0b8abe0b8ade0b8a1e0b981e0b8aae0b887223b757365725f706f736974696f6e7c733a34353a22e0b899e0b8b1e0b881e0b8a7e0b8b4e0b88ae0b8b2e0b881e0b8b2e0b8a3e0b8a8e0b8b6e0b881e0b8b2e0b8b2223b757365725f67656e6465727c733a313a2231223b757365725f6465706172746d656e747c733a37353a22e0b8a1e0b8abe0b8b2e0b8a7e0b8b4e0b897e0b8a2e0b8b2e0b8a5e0b8b1e0b8a2e0b8a3e0b8b2e0b88ae0b8a0e0b8b1e0b88ee0b8ade0b8b8e0b894e0b8a3e0b898e0b8b2e0b899e0b8b5223b757365725f7374617475737c733a313a2230223b757365725f616464726573737c733a3132333a2232333420e0b884e0b893e0b8b0e0b8a7e0b8b4e0b897e0b8a2e0b8b2e0b8a8e0b8b2e0b8aae0b895e0b8a3e0b98c0d0ae0b8a1e0b8abe0b8b2e0b8a7e0b8b4e0b897e0b8a2e0b8b2e0b8a5e0b8b1e0b8a2e0b8a3e0b8b2e0b88ae0b8a0e0b8b1e0b88fe0b8ade0b8b8e0b894e0b8a3e0b898e0b8b2e0b899e0b8b5223b757365725f74656c6570686f6e657c733a313a222d223b757365725f6d6f62696c657c733a31303a2230383135323031323334223b757365725f67726f75707c733a313a2233223b),
('00a8093d692e16758b3f2a4f1a9aa4f109b43a50', '10.1.142.59', 1551934074, 0x5f5f63695f6c6173745f726567656e65726174657c693a313535313933333737343b757365725f69647c733a313a2232223b757365725f656d61696c7c733a31353a2261646d696e406c6f63616c2e636f6d223b757365725f7072656669786e616d657c733a393a22e0b899e0b8b2e0b8a2223b757365725f6e616d657c733a32363a22e0b984e0b88ae0b8a2e0b8a7e0b8b1e0b892e0b8992020202020223b757365725f6c6173746e616d657c733a31383a22e0b8abe0b8ade0b8a1e0b981e0b8aae0b887223b757365725f706f736974696f6e7c733a34353a22e0b899e0b8b1e0b881e0b8a7e0b8b4e0b88ae0b8b2e0b881e0b8b2e0b8a3e0b8a8e0b8b6e0b881e0b8b2e0b8b2223b757365725f67656e6465727c733a313a2231223b757365725f6465706172746d656e747c733a37353a22e0b8a1e0b8abe0b8b2e0b8a7e0b8b4e0b897e0b8a2e0b8b2e0b8a5e0b8b1e0b8a2e0b8a3e0b8b2e0b88ae0b8a0e0b8b1e0b88ee0b8ade0b8b8e0b894e0b8a3e0b898e0b8b2e0b899e0b8b5223b757365725f7374617475737c733a313a2230223b757365725f616464726573737c733a3132333a2232333420e0b884e0b893e0b8b0e0b8a7e0b8b4e0b897e0b8a2e0b8b2e0b8a8e0b8b2e0b8aae0b895e0b8a3e0b98c0d0ae0b8a1e0b8abe0b8b2e0b8a7e0b8b4e0b897e0b8a2e0b8b2e0b8a5e0b8b1e0b8a2e0b8a3e0b8b2e0b88ae0b8a0e0b8b1e0b88fe0b8ade0b8b8e0b894e0b8a3e0b898e0b8b2e0b899e0b8b5223b757365725f74656c6570686f6e657c733a313a222d223b757365725f6d6f62696c657c733a31303a2230383135323031323334223b757365725f67726f75707c733a313a2233223b),
('00c971f0326e6ae3796d793dd9fc46c31a559706', '10.1.142.59', 1552888977, 0x5f5f63695f6c6173745f726567656e65726174657c693a313535323838383731303b),
('0318d26751e1ef3ee3b5bb39ef3389162ebfbb27', '10.1.142.59', 1552891946, 0x5f5f63695f6c6173745f726567656e65726174657c693a313535323839313738313b),
('037c681416f74217952387bf0e98e41a3d9b4329', '10.1.142.59', 1552891047, 0x5f5f63695f6c6173745f726567656e65726174657c693a313535323839303833353b),
('039de5d11df9cc35c21d6aa4c509e002acf757d7', '10.1.142.59', 1552890020, 0x5f5f63695f6c6173745f726567656e65726174657c693a313535323838393931323b),
('04db4d3e977d5a8677a9aea37f2218998577831b', '10.1.142.59', 1553055969, 0x5f5f63695f6c6173745f726567656e65726174657c693a313535333035353936393b),
('04f52b29ef9beb9475382aa5c5cf21496cea521a', '10.1.142.59', 1552025789, 0x5f5f63695f6c6173745f726567656e65726174657c693a313535323032353531303b757365725f69647c733a313a2232223b757365725f656d61696c7c733a31353a2261646d696e406c6f63616c2e636f6d223b757365725f7072656669786e616d657c733a393a22e0b899e0b8b2e0b8a2223b757365725f6e616d657c733a32363a22e0b984e0b88ae0b8a2e0b8a7e0b8b1e0b892e0b8992020202020223b757365725f6c6173746e616d657c733a31383a22e0b8abe0b8ade0b8a1e0b981e0b8aae0b887223b757365725f706f736974696f6e7c733a34353a22e0b899e0b8b1e0b881e0b8a7e0b8b4e0b88ae0b8b2e0b881e0b8b2e0b8a3e0b8a8e0b8b6e0b881e0b8b2e0b8b2223b757365725f67656e6465727c733a313a2231223b757365725f6465706172746d656e747c733a37353a22e0b8a1e0b8abe0b8b2e0b8a7e0b8b4e0b897e0b8a2e0b8b2e0b8a5e0b8b1e0b8a2e0b8a3e0b8b2e0b88ae0b8a0e0b8b1e0b88ee0b8ade0b8b8e0b894e0b8a3e0b898e0b8b2e0b899e0b8b5223b757365725f7374617475737c733a313a2230223b757365725f616464726573737c733a3132333a2232333420e0b884e0b893e0b8b0e0b8a7e0b8b4e0b897e0b8a2e0b8b2e0b8a8e0b8b2e0b8aae0b895e0b8a3e0b98c0d0ae0b8a1e0b8abe0b8b2e0b8a7e0b8b4e0b897e0b8a2e0b8b2e0b8a5e0b8b1e0b8a2e0b8a3e0b8b2e0b88ae0b8a0e0b8b1e0b88fe0b8ade0b8b8e0b894e0b8a3e0b898e0b8b2e0b899e0b8b5223b757365725f74656c6570686f6e657c733a313a222d223b757365725f6d6f62696c657c733a31303a2230383135323031323334223b757365725f67726f75707c733a313a2233223b),
('071c0dc0b3e0c11e5965b61c1ada5c86a08b4db3', '10.1.142.59', 1551851566, 0x5f5f63695f6c6173745f726567656e65726174657c693a313535313835313236373b757365725f69647c733a313a2232223b757365725f656d61696c7c733a31353a2261646d696e406c6f63616c2e636f6d223b757365725f7072656669786e616d657c733a393a22e0b899e0b8b2e0b8a2223b757365725f6e616d657c733a32343a22e0b984e0b88ae0b8a2e0b8a7e0b8b1e0b892e0b899e0b98c223b757365725f6c6173746e616d657c733a31383a22e0b8abe0b8ade0b8a1e0b981e0b8aae0b887223b757365725f706f736974696f6e7c733a34353a22e0b899e0b8b1e0b881e0b8a7e0b8b4e0b88ae0b8b2e0b881e0b8b2e0b8a3e0b8a8e0b8b6e0b881e0b8b2e0b8b2223b757365725f67656e6465727c733a313a2231223b757365725f6465706172746d656e747c733a37353a22e0b8a1e0b8abe0b8b2e0b8a7e0b8b4e0b897e0b8a2e0b8b2e0b8a5e0b8b1e0b8a2e0b8a3e0b8b2e0b88ae0b8a0e0b8b1e0b88ee0b8ade0b8b8e0b894e0b8a3e0b898e0b8b2e0b899e0b8b5223b757365725f7374617475737c733a313a2230223b757365725f616464726573737c733a37353a22e0b8a1e0b8abe0b8b2e0b8a7e0b8b4e0b897e0b8a2e0b8b2e0b8a5e0b8b1e0b8a2e0b8a3e0b8b2e0b88ae0b8a0e0b8b1e0b88fe0b8ade0b8b8e0b894e0b8a3e0b898e0b8b2e0b899e0b8b5223b757365725f74656c6570686f6e657c733a313a222d223b757365725f6d6f62696c657c733a31303a2230383135323031323334223b757365725f67726f75707c733a313a2233223b),
('072fb8f21d97ffb9ab7263b929c382cc362719f2', '10.1.142.59', 1552027199, 0x5f5f63695f6c6173745f726567656e65726174657c693a313535323032373035373b757365725f69647c733a313a2232223b757365725f656d61696c7c733a31353a2261646d696e406c6f63616c2e636f6d223b757365725f7072656669786e616d657c733a393a22e0b899e0b8b2e0b8a2223b757365725f6e616d657c733a32363a22e0b984e0b88ae0b8a2e0b8a7e0b8b1e0b892e0b8992020202020223b757365725f6c6173746e616d657c733a31383a22e0b8abe0b8ade0b8a1e0b981e0b8aae0b887223b757365725f706f736974696f6e7c733a34353a22e0b899e0b8b1e0b881e0b8a7e0b8b4e0b88ae0b8b2e0b881e0b8b2e0b8a3e0b8a8e0b8b6e0b881e0b8b2e0b8b2223b757365725f67656e6465727c733a313a2231223b757365725f6465706172746d656e747c733a37353a22e0b8a1e0b8abe0b8b2e0b8a7e0b8b4e0b897e0b8a2e0b8b2e0b8a5e0b8b1e0b8a2e0b8a3e0b8b2e0b88ae0b8a0e0b8b1e0b88ee0b8ade0b8b8e0b894e0b8a3e0b898e0b8b2e0b899e0b8b5223b757365725f7374617475737c733a313a2230223b757365725f616464726573737c733a3132333a2232333420e0b884e0b893e0b8b0e0b8a7e0b8b4e0b897e0b8a2e0b8b2e0b8a8e0b8b2e0b8aae0b895e0b8a3e0b98c0d0ae0b8a1e0b8abe0b8b2e0b8a7e0b8b4e0b897e0b8a2e0b8b2e0b8a5e0b8b1e0b8a2e0b8a3e0b8b2e0b88ae0b8a0e0b8b1e0b88fe0b8ade0b8b8e0b894e0b8a3e0b898e0b8b2e0b899e0b8b5223b757365725f74656c6570686f6e657c733a313a222d223b757365725f6d6f62696c657c733a31303a2230383135323031323334223b757365725f67726f75707c733a313a2233223b),
('0a9685655e9e18a915873b6b765dbcdb6076fc80', '10.1.142.59', 1552362180, 0x5f5f63695f6c6173745f726567656e65726174657c693a313535323336313933313b757365725f69647c733a313a2231223b757365725f656d61696c7c733a31323a22746540676d61696c2e636f6d223b757365725f7072656669786e616d657c733a303a22223b757365725f6e616d657c733a373a2263686169776174223b757365725f6c6173746e616d657c733a31383a22e0b8abe0b8ade0b8a1e0b981e0b8aae0b887223b757365725f706f736974696f6e7c733a34353a22e0b899e0b8b1e0b881e0b8a7e0b8b4e0b88ae0b8b2e0b881e0b8b2e0b8a3e0b8a8e0b8b6e0b881e0b8a9e0b8b2223b757365725f67656e6465727c733a313a2231223b757365725f6465706172746d656e747c733a33343a22e0b8a1e0b8a3e0b8a02ee0b8ade0b8b8e0b894e0b8a3e0b898e0b8b2e0b899e0b8b5223b757365725f7374617475737c733a313a2230223b757365725f616464726573737c733a33343a22e0b8a1e0b8a3e0b8a02ee0b8ade0b8b8e0b894e0b8a3e0b898e0b8b2e0b899e0b8b5223b757365725f74656c6570686f6e657c733a303a22223b757365725f6d6f62696c657c733a31303a2230383135393230343536223b757365725f67726f75707c733a313a2231223b),
('0b019e0ed1442947e64f68df875e4f26487a1963', '10.1.142.59', 1552274809, 0x5f5f63695f6c6173745f726567656e65726174657c693a313535323237343830393b),
('0c5dac93f54a6963e6f19652a916d31e22552f0a', '10.1.142.59', 1552364228, 0x5f5f63695f6c6173745f726567656e65726174657c693a313535323336333934313b757365725f69647c733a313a2231223b757365725f656d61696c7c733a31323a22746540676d61696c2e636f6d223b757365725f7072656669786e616d657c733a303a22223b757365725f6e616d657c733a373a2263686169776174223b757365725f6c6173746e616d657c733a31383a22e0b8abe0b8ade0b8a1e0b981e0b8aae0b887223b757365725f706f736974696f6e7c733a34353a22e0b899e0b8b1e0b881e0b8a7e0b8b4e0b88ae0b8b2e0b881e0b8b2e0b8a3e0b8a8e0b8b6e0b881e0b8a9e0b8b2223b757365725f67656e6465727c733a313a2231223b757365725f6465706172746d656e747c733a33343a22e0b8a1e0b8a3e0b8a02ee0b8ade0b8b8e0b894e0b8a3e0b898e0b8b2e0b899e0b8b5223b757365725f7374617475737c733a313a2230223b757365725f616464726573737c733a33343a22e0b8a1e0b8a3e0b8a02ee0b8ade0b8b8e0b894e0b8a3e0b898e0b8b2e0b899e0b8b5223b757365725f74656c6570686f6e657c733a303a22223b757365725f6d6f62696c657c733a31303a2230383135393230343536223b757365725f67726f75707c733a313a2231223b),
('0de150f91f7219cfd2cc8868fdaa883eea41e1bf', '::1', 1552275956, 0x5f5f63695f6c6173745f726567656e65726174657c693a313535323237353935363b757365725f69647c733a313a2232223b757365725f656d61696c7c733a31353a2261646d696e406c6f63616c2e636f6d223b757365725f7072656669786e616d657c733a393a22e0b899e0b8b2e0b8a2223b757365725f6e616d657c733a32363a22e0b984e0b88ae0b8a2e0b8a7e0b8b1e0b892e0b8992020202020223b757365725f6c6173746e616d657c733a31383a22e0b8abe0b8ade0b8a1e0b981e0b8aae0b887223b757365725f706f736974696f6e7c733a34353a22e0b899e0b8b1e0b881e0b8a7e0b8b4e0b88ae0b8b2e0b881e0b8b2e0b8a3e0b8a8e0b8b6e0b881e0b8b2e0b8b2223b757365725f67656e6465727c733a313a2231223b757365725f6465706172746d656e747c733a37353a22e0b8a1e0b8abe0b8b2e0b8a7e0b8b4e0b897e0b8a2e0b8b2e0b8a5e0b8b1e0b8a2e0b8a3e0b8b2e0b88ae0b8a0e0b8b1e0b88ee0b8ade0b8b8e0b894e0b8a3e0b898e0b8b2e0b899e0b8b5223b757365725f7374617475737c733a313a2230223b757365725f616464726573737c733a3132333a2232333420e0b884e0b893e0b8b0e0b8a7e0b8b4e0b897e0b8a2e0b8b2e0b8a8e0b8b2e0b8aae0b895e0b8a3e0b98c0d0ae0b8a1e0b8abe0b8b2e0b8a7e0b8b4e0b897e0b8a2e0b8b2e0b8a5e0b8b1e0b8a2e0b8a3e0b8b2e0b88ae0b8a0e0b8b1e0b88fe0b8ade0b8b8e0b894e0b8a3e0b898e0b8b2e0b899e0b8b5223b757365725f74656c6570686f6e657c733a313a222d223b757365725f6d6f62696c657c733a31303a2230383135323031323334223b757365725f67726f75707c733a313a2233223b),
('0dec99a385b7776fcac32223f57c8e863b27230e', '10.1.142.59', 1553067724, 0x5f5f63695f6c6173745f726567656e65726174657c693a313535333036373433303b757365725f69647c733a313a2232223b757365725f656d61696c7c733a31353a2261646d696e406c6f63616c2e636f6d223b757365725f7072656669786e616d657c733a393a22e0b899e0b8b2e0b8a2223b757365725f6e616d657c733a32363a22e0b984e0b88ae0b8a2e0b8a7e0b8b1e0b892e0b8992020202020223b757365725f6c6173746e616d657c733a31383a22e0b8abe0b8ade0b8a1e0b981e0b8aae0b887223b757365725f706f736974696f6e7c733a34353a22e0b899e0b8b1e0b881e0b8a7e0b8b4e0b88ae0b8b2e0b881e0b8b2e0b8a3e0b8a8e0b8b6e0b881e0b8b2e0b8b2223b757365725f67656e6465727c733a313a2231223b757365725f6465706172746d656e747c733a37353a22e0b8a1e0b8abe0b8b2e0b8a7e0b8b4e0b897e0b8a2e0b8b2e0b8a5e0b8b1e0b8a2e0b8a3e0b8b2e0b88ae0b8a0e0b8b1e0b88ee0b8ade0b8b8e0b894e0b8a3e0b898e0b8b2e0b899e0b8b5223b757365725f7374617475737c733a313a2230223b757365725f616464726573737c733a3132333a2232333420e0b884e0b893e0b8b0e0b8a7e0b8b4e0b897e0b8a2e0b8b2e0b8a8e0b8b2e0b8aae0b895e0b8a3e0b98c0d0ae0b8a1e0b8abe0b8b2e0b8a7e0b8b4e0b897e0b8a2e0b8b2e0b8a5e0b8b1e0b8a2e0b8a3e0b8b2e0b88ae0b8a0e0b8b1e0b88fe0b8ade0b8b8e0b894e0b8a3e0b898e0b8b2e0b899e0b8b5223b757365725f74656c6570686f6e657c733a313a222d223b757365725f6d6f62696c657c733a31303a2230383135323031323334223b757365725f67726f75707c733a313a2233223b),
('0e8b9c30e5bd02cb024f7cf01dff079eb2570ae2', '10.1.142.59', 1553138776, 0x5f5f63695f6c6173745f726567656e65726174657c693a313535333133383637393b757365725f69647c733a313a2232223b757365725f656d61696c7c733a31353a2261646d696e406c6f63616c2e636f6d223b757365725f7072656669786e616d657c733a393a22e0b899e0b8b2e0b8a2223b757365725f6e616d657c733a32363a22e0b984e0b88ae0b8a2e0b8a7e0b8b1e0b892e0b8992020202020223b757365725f6c6173746e616d657c733a31383a22e0b8abe0b8ade0b8a1e0b981e0b8aae0b887223b757365725f706f736974696f6e7c733a34353a22e0b899e0b8b1e0b881e0b8a7e0b8b4e0b88ae0b8b2e0b881e0b8b2e0b8a3e0b8a8e0b8b6e0b881e0b8b2e0b8b2223b757365725f67656e6465727c733a313a2231223b757365725f6465706172746d656e747c733a37353a22e0b8a1e0b8abe0b8b2e0b8a7e0b8b4e0b897e0b8a2e0b8b2e0b8a5e0b8b1e0b8a2e0b8a3e0b8b2e0b88ae0b8a0e0b8b1e0b88ee0b8ade0b8b8e0b894e0b8a3e0b898e0b8b2e0b899e0b8b5223b757365725f7374617475737c733a313a2230223b757365725f616464726573737c733a3132333a2232333420e0b884e0b893e0b8b0e0b8a7e0b8b4e0b897e0b8a2e0b8b2e0b8a8e0b8b2e0b8aae0b895e0b8a3e0b98c0d0ae0b8a1e0b8abe0b8b2e0b8a7e0b8b4e0b897e0b8a2e0b8b2e0b8a5e0b8b1e0b8a2e0b8a3e0b8b2e0b88ae0b8a0e0b8b1e0b88fe0b8ade0b8b8e0b894e0b8a3e0b898e0b8b2e0b899e0b8b5223b757365725f74656c6570686f6e657c733a313a222d223b757365725f6d6f62696c657c733a31303a2230383135323031323334223b757365725f67726f75707c733a313a2233223b),
('1029e0850a282cfec820efa6a67c93e79773038d', '10.1.142.59', 1552360526, 0x5f5f63695f6c6173745f726567656e65726174657c693a313535323336303438383b757365725f69647c733a313a2231223b757365725f656d61696c7c733a31323a22746540676d61696c2e636f6d223b757365725f7072656669786e616d657c733a303a22223b757365725f6e616d657c733a373a2263686169776174223b757365725f6c6173746e616d657c733a31383a22e0b8abe0b8ade0b8a1e0b981e0b8aae0b887223b757365725f706f736974696f6e7c733a34353a22e0b899e0b8b1e0b881e0b8a7e0b8b4e0b88ae0b8b2e0b881e0b8b2e0b8a3e0b8a8e0b8b6e0b881e0b8a9e0b8b2223b757365725f67656e6465727c733a313a2231223b757365725f6465706172746d656e747c733a33343a22e0b8a1e0b8a3e0b8a02ee0b8ade0b8b8e0b894e0b8a3e0b898e0b8b2e0b899e0b8b5223b757365725f7374617475737c733a313a2230223b757365725f616464726573737c733a33343a22e0b8a1e0b8a3e0b8a02ee0b8ade0b8b8e0b894e0b8a3e0b898e0b8b2e0b899e0b8b5223b757365725f74656c6570686f6e657c733a303a22223b757365725f6d6f62696c657c733a31303a2230383135393230343536223b757365725f67726f75707c733a313a2231223b),
('107f05b8f491cfbd8539296b4ffd07bac02ed5dc', '10.1.142.59', 1553139203, 0x5f5f63695f6c6173745f726567656e65726174657c693a313535333133393131363b757365725f69647c733a313a2232223b757365725f656d61696c7c733a31353a2261646d696e406c6f63616c2e636f6d223b757365725f7072656669786e616d657c733a393a22e0b899e0b8b2e0b8a2223b757365725f6e616d657c733a32363a22e0b984e0b88ae0b8a2e0b8a7e0b8b1e0b892e0b8992020202020223b757365725f6c6173746e616d657c733a31383a22e0b8abe0b8ade0b8a1e0b981e0b8aae0b887223b757365725f706f736974696f6e7c733a34353a22e0b899e0b8b1e0b881e0b8a7e0b8b4e0b88ae0b8b2e0b881e0b8b2e0b8a3e0b8a8e0b8b6e0b881e0b8b2e0b8b2223b757365725f67656e6465727c733a313a2231223b757365725f6465706172746d656e747c733a37353a22e0b8a1e0b8abe0b8b2e0b8a7e0b8b4e0b897e0b8a2e0b8b2e0b8a5e0b8b1e0b8a2e0b8a3e0b8b2e0b88ae0b8a0e0b8b1e0b88ee0b8ade0b8b8e0b894e0b8a3e0b898e0b8b2e0b899e0b8b5223b757365725f7374617475737c733a313a2230223b757365725f616464726573737c733a3132333a2232333420e0b884e0b893e0b8b0e0b8a7e0b8b4e0b897e0b8a2e0b8b2e0b8a8e0b8b2e0b8aae0b895e0b8a3e0b98c0d0ae0b8a1e0b8abe0b8b2e0b8a7e0b8b4e0b897e0b8a2e0b8b2e0b8a5e0b8b1e0b8a2e0b8a3e0b8b2e0b88ae0b8a0e0b8b1e0b88fe0b8ade0b8b8e0b894e0b8a3e0b898e0b8b2e0b899e0b8b5223b757365725f74656c6570686f6e657c733a313a222d223b757365725f6d6f62696c657c733a31303a2230383135323031323334223b757365725f67726f75707c733a313a2233223b),
('110d05b196331f9b498b99945b0e87bb6429f0ec', '10.1.142.59', 1552361772, 0x5f5f63695f6c6173745f726567656e65726174657c693a313535323336313532393b757365725f69647c733a313a2231223b757365725f656d61696c7c733a31323a22746540676d61696c2e636f6d223b757365725f7072656669786e616d657c733a303a22223b757365725f6e616d657c733a373a2263686169776174223b757365725f6c6173746e616d657c733a31383a22e0b8abe0b8ade0b8a1e0b981e0b8aae0b887223b757365725f706f736974696f6e7c733a34353a22e0b899e0b8b1e0b881e0b8a7e0b8b4e0b88ae0b8b2e0b881e0b8b2e0b8a3e0b8a8e0b8b6e0b881e0b8a9e0b8b2223b757365725f67656e6465727c733a313a2231223b757365725f6465706172746d656e747c733a33343a22e0b8a1e0b8a3e0b8a02ee0b8ade0b8b8e0b894e0b8a3e0b898e0b8b2e0b899e0b8b5223b757365725f7374617475737c733a313a2230223b757365725f616464726573737c733a33343a22e0b8a1e0b8a3e0b8a02ee0b8ade0b8b8e0b894e0b8a3e0b898e0b8b2e0b899e0b8b5223b757365725f74656c6570686f6e657c733a303a22223b757365725f6d6f62696c657c733a31303a2230383135393230343536223b757365725f67726f75707c733a313a2231223b),
('115c8988e0397158e5859526792633136e7b1f9c', '10.1.142.59', 1552884694, 0x5f5f63695f6c6173745f726567656e65726174657c693a313535323838343435323b),
('1537567c70258060e2c402eabea319af6ac05437', '10.1.142.59', 1552274950, 0x5f5f63695f6c6173745f726567656e65726174657c693a313535323237343637313b757365725f69647c733a313a2232223b757365725f656d61696c7c733a31353a2261646d696e406c6f63616c2e636f6d223b757365725f7072656669786e616d657c733a393a22e0b899e0b8b2e0b8a2223b757365725f6e616d657c733a32363a22e0b984e0b88ae0b8a2e0b8a7e0b8b1e0b892e0b8992020202020223b757365725f6c6173746e616d657c733a31383a22e0b8abe0b8ade0b8a1e0b981e0b8aae0b887223b757365725f706f736974696f6e7c733a34353a22e0b899e0b8b1e0b881e0b8a7e0b8b4e0b88ae0b8b2e0b881e0b8b2e0b8a3e0b8a8e0b8b6e0b881e0b8b2e0b8b2223b757365725f67656e6465727c733a313a2231223b757365725f6465706172746d656e747c733a37353a22e0b8a1e0b8abe0b8b2e0b8a7e0b8b4e0b897e0b8a2e0b8b2e0b8a5e0b8b1e0b8a2e0b8a3e0b8b2e0b88ae0b8a0e0b8b1e0b88ee0b8ade0b8b8e0b894e0b8a3e0b898e0b8b2e0b899e0b8b5223b757365725f7374617475737c733a313a2230223b757365725f616464726573737c733a3132333a2232333420e0b884e0b893e0b8b0e0b8a7e0b8b4e0b897e0b8a2e0b8b2e0b8a8e0b8b2e0b8aae0b895e0b8a3e0b98c0d0ae0b8a1e0b8abe0b8b2e0b8a7e0b8b4e0b897e0b8a2e0b8b2e0b8a5e0b8b1e0b8a2e0b8a3e0b8b2e0b88ae0b8a0e0b8b1e0b88fe0b8ade0b8b8e0b894e0b8a3e0b898e0b8b2e0b899e0b8b5223b757365725f74656c6570686f6e657c733a313a222d223b757365725f6d6f62696c657c733a31303a2230383135323031323334223b757365725f67726f75707c733a313a2233223b),
('163c445bd6795758ffa30d05389f0193353289d3', '10.1.142.59', 1553140314, 0x5f5f63695f6c6173745f726567656e65726174657c693a313535333133393937393b757365725f69647c733a313a2232223b757365725f656d61696c7c733a31353a2261646d696e406c6f63616c2e636f6d223b757365725f7072656669786e616d657c733a393a22e0b899e0b8b2e0b8a2223b757365725f6e616d657c733a32363a22e0b984e0b88ae0b8a2e0b8a7e0b8b1e0b892e0b8992020202020223b757365725f6c6173746e616d657c733a31383a22e0b8abe0b8ade0b8a1e0b981e0b8aae0b887223b757365725f706f736974696f6e7c733a34353a22e0b899e0b8b1e0b881e0b8a7e0b8b4e0b88ae0b8b2e0b881e0b8b2e0b8a3e0b8a8e0b8b6e0b881e0b8b2e0b8b2223b757365725f67656e6465727c733a313a2231223b757365725f6465706172746d656e747c733a37353a22e0b8a1e0b8abe0b8b2e0b8a7e0b8b4e0b897e0b8a2e0b8b2e0b8a5e0b8b1e0b8a2e0b8a3e0b8b2e0b88ae0b8a0e0b8b1e0b88ee0b8ade0b8b8e0b894e0b8a3e0b898e0b8b2e0b899e0b8b5223b757365725f7374617475737c733a313a2230223b757365725f616464726573737c733a3132333a2232333420e0b884e0b893e0b8b0e0b8a7e0b8b4e0b897e0b8a2e0b8b2e0b8a8e0b8b2e0b8aae0b895e0b8a3e0b98c0d0ae0b8a1e0b8abe0b8b2e0b8a7e0b8b4e0b897e0b8a2e0b8b2e0b8a5e0b8b1e0b8a2e0b8a3e0b8b2e0b88ae0b8a0e0b8b1e0b88fe0b8ade0b8b8e0b894e0b8a3e0b898e0b8b2e0b899e0b8b5223b757365725f74656c6570686f6e657c733a313a222d223b757365725f6d6f62696c657c733a31303a2230383135323031323334223b757365725f67726f75707c733a313a2233223b),
('182697b1d447dc996397753d1ad3a6409549be7a', '10.1.142.59', 1551931911, 0x5f5f63695f6c6173745f726567656e65726174657c693a313535313933313738343b757365725f69647c733a313a2232223b757365725f656d61696c7c733a31353a2261646d696e406c6f63616c2e636f6d223b757365725f7072656669786e616d657c733a393a22e0b899e0b8b2e0b8a2223b757365725f6e616d657c733a32363a22e0b984e0b88ae0b8a2e0b8a7e0b8b1e0b892e0b8992020202020223b757365725f6c6173746e616d657c733a31383a22e0b8abe0b8ade0b8a1e0b981e0b8aae0b887223b757365725f706f736974696f6e7c733a34353a22e0b899e0b8b1e0b881e0b8a7e0b8b4e0b88ae0b8b2e0b881e0b8b2e0b8a3e0b8a8e0b8b6e0b881e0b8b2e0b8b2223b757365725f67656e6465727c733a313a2231223b757365725f6465706172746d656e747c733a37353a22e0b8a1e0b8abe0b8b2e0b8a7e0b8b4e0b897e0b8a2e0b8b2e0b8a5e0b8b1e0b8a2e0b8a3e0b8b2e0b88ae0b8a0e0b8b1e0b88ee0b8ade0b8b8e0b894e0b8a3e0b898e0b8b2e0b899e0b8b5223b757365725f7374617475737c733a313a2230223b757365725f616464726573737c733a3132333a2232333420e0b884e0b893e0b8b0e0b8a7e0b8b4e0b897e0b8a2e0b8b2e0b8a8e0b8b2e0b8aae0b895e0b8a3e0b98c0d0ae0b8a1e0b8abe0b8b2e0b8a7e0b8b4e0b897e0b8a2e0b8b2e0b8a5e0b8b1e0b8a2e0b8a3e0b8b2e0b88ae0b8a0e0b8b1e0b88fe0b8ade0b8b8e0b894e0b8a3e0b898e0b8b2e0b899e0b8b5223b757365725f74656c6570686f6e657c733a313a222d223b757365725f6d6f62696c657c733a31303a2230383135323031323334223b757365725f67726f75707c733a313a2233223b),
('199d0fa0470af52acb37eaef7816ccdbb9f8eefe', '10.1.142.59', 1552025217, 0x5f5f63695f6c6173745f726567656e65726174657c693a313535323032343937343b757365725f69647c733a313a2232223b757365725f656d61696c7c733a31353a2261646d696e406c6f63616c2e636f6d223b757365725f7072656669786e616d657c733a393a22e0b899e0b8b2e0b8a2223b757365725f6e616d657c733a32363a22e0b984e0b88ae0b8a2e0b8a7e0b8b1e0b892e0b8992020202020223b757365725f6c6173746e616d657c733a31383a22e0b8abe0b8ade0b8a1e0b981e0b8aae0b887223b757365725f706f736974696f6e7c733a34353a22e0b899e0b8b1e0b881e0b8a7e0b8b4e0b88ae0b8b2e0b881e0b8b2e0b8a3e0b8a8e0b8b6e0b881e0b8b2e0b8b2223b757365725f67656e6465727c733a313a2231223b757365725f6465706172746d656e747c733a37353a22e0b8a1e0b8abe0b8b2e0b8a7e0b8b4e0b897e0b8a2e0b8b2e0b8a5e0b8b1e0b8a2e0b8a3e0b8b2e0b88ae0b8a0e0b8b1e0b88ee0b8ade0b8b8e0b894e0b8a3e0b898e0b8b2e0b899e0b8b5223b757365725f7374617475737c733a313a2230223b757365725f616464726573737c733a3132333a2232333420e0b884e0b893e0b8b0e0b8a7e0b8b4e0b897e0b8a2e0b8b2e0b8a8e0b8b2e0b8aae0b895e0b8a3e0b98c0d0ae0b8a1e0b8abe0b8b2e0b8a7e0b8b4e0b897e0b8a2e0b8b2e0b8a5e0b8b1e0b8a2e0b8a3e0b8b2e0b88ae0b8a0e0b8b1e0b88fe0b8ade0b8b8e0b894e0b8a3e0b898e0b8b2e0b899e0b8b5223b757365725f74656c6570686f6e657c733a313a222d223b757365725f6d6f62696c657c733a31303a2230383135323031323334223b757365725f67726f75707c733a313a2233223b),
('1adb627585d41781df528ce98cd6fa127f2ccd18', '10.1.142.59', 1551853260, 0x5f5f63695f6c6173745f726567656e65726174657c693a313535313835323936353b757365725f69647c733a313a2231223b757365725f656d61696c7c733a31323a22746540676d61696c2e636f6d223b757365725f7072656669786e616d657c733a303a22223b757365725f6e616d657c733a373a2263686169776174223b757365725f6c6173746e616d657c733a31383a22e0b8abe0b8ade0b8a1e0b981e0b8aae0b887223b757365725f706f736974696f6e7c733a34353a22e0b899e0b8b1e0b881e0b8a7e0b8b4e0b88ae0b8b2e0b881e0b8b2e0b8a3e0b8a8e0b8b6e0b881e0b8a9e0b8b2223b757365725f67656e6465727c733a313a2231223b757365725f6465706172746d656e747c733a33343a22e0b8a1e0b8a3e0b8a02ee0b8ade0b8b8e0b894e0b8a3e0b898e0b8b2e0b899e0b8b5223b757365725f7374617475737c733a313a2230223b757365725f616464726573737c733a33343a22e0b8a1e0b8a3e0b8a02ee0b8ade0b8b8e0b894e0b8a3e0b898e0b8b2e0b899e0b8b5223b757365725f74656c6570686f6e657c733a303a22223b757365725f6d6f62696c657c733a31303a2230383135393230343536223b757365725f67726f75707c733a313a2231223b),
('1d2aa099d52a06ddb2592d1be60eff43faea156f', '10.1.142.59', 1551932404, 0x5f5f63695f6c6173745f726567656e65726174657c693a313535313933323130343b757365725f69647c733a313a2232223b757365725f656d61696c7c733a31353a2261646d696e406c6f63616c2e636f6d223b757365725f7072656669786e616d657c733a393a22e0b899e0b8b2e0b8a2223b757365725f6e616d657c733a32363a22e0b984e0b88ae0b8a2e0b8a7e0b8b1e0b892e0b8992020202020223b757365725f6c6173746e616d657c733a31383a22e0b8abe0b8ade0b8a1e0b981e0b8aae0b887223b757365725f706f736974696f6e7c733a34353a22e0b899e0b8b1e0b881e0b8a7e0b8b4e0b88ae0b8b2e0b881e0b8b2e0b8a3e0b8a8e0b8b6e0b881e0b8b2e0b8b2223b757365725f67656e6465727c733a313a2231223b757365725f6465706172746d656e747c733a37353a22e0b8a1e0b8abe0b8b2e0b8a7e0b8b4e0b897e0b8a2e0b8b2e0b8a5e0b8b1e0b8a2e0b8a3e0b8b2e0b88ae0b8a0e0b8b1e0b88ee0b8ade0b8b8e0b894e0b8a3e0b898e0b8b2e0b899e0b8b5223b757365725f7374617475737c733a313a2230223b757365725f616464726573737c733a3132333a2232333420e0b884e0b893e0b8b0e0b8a7e0b8b4e0b897e0b8a2e0b8b2e0b8a8e0b8b2e0b8aae0b895e0b8a3e0b98c0d0ae0b8a1e0b8abe0b8b2e0b8a7e0b8b4e0b897e0b8a2e0b8b2e0b8a5e0b8b1e0b8a2e0b8a3e0b8b2e0b88ae0b8a0e0b8b1e0b88fe0b8ade0b8b8e0b894e0b8a3e0b898e0b8b2e0b899e0b8b5223b757365725f74656c6570686f6e657c733a313a222d223b757365725f6d6f62696c657c733a31303a2230383135323031323334223b757365725f67726f75707c733a313a2233223b),
('1ea9c78d11b5a7ee82c2c3cd55258e142f9f2d86', '10.1.142.59', 1553059409, 0x5f5f63695f6c6173745f726567656e65726174657c693a313535333035393131333b757365725f69647c733a313a2232223b757365725f656d61696c7c733a31353a2261646d696e406c6f63616c2e636f6d223b757365725f7072656669786e616d657c733a393a22e0b899e0b8b2e0b8a2223b757365725f6e616d657c733a32363a22e0b984e0b88ae0b8a2e0b8a7e0b8b1e0b892e0b8992020202020223b757365725f6c6173746e616d657c733a31383a22e0b8abe0b8ade0b8a1e0b981e0b8aae0b887223b757365725f706f736974696f6e7c733a34353a22e0b899e0b8b1e0b881e0b8a7e0b8b4e0b88ae0b8b2e0b881e0b8b2e0b8a3e0b8a8e0b8b6e0b881e0b8b2e0b8b2223b757365725f67656e6465727c733a313a2231223b757365725f6465706172746d656e747c733a37353a22e0b8a1e0b8abe0b8b2e0b8a7e0b8b4e0b897e0b8a2e0b8b2e0b8a5e0b8b1e0b8a2e0b8a3e0b8b2e0b88ae0b8a0e0b8b1e0b88ee0b8ade0b8b8e0b894e0b8a3e0b898e0b8b2e0b899e0b8b5223b757365725f7374617475737c733a313a2230223b757365725f616464726573737c733a3132333a2232333420e0b884e0b893e0b8b0e0b8a7e0b8b4e0b897e0b8a2e0b8b2e0b8a8e0b8b2e0b8aae0b895e0b8a3e0b98c0d0ae0b8a1e0b8abe0b8b2e0b8a7e0b8b4e0b897e0b8a2e0b8b2e0b8a5e0b8b1e0b8a2e0b8a3e0b8b2e0b88ae0b8a0e0b8b1e0b88fe0b8ade0b8b8e0b894e0b8a3e0b898e0b8b2e0b899e0b8b5223b757365725f74656c6570686f6e657c733a313a222d223b757365725f6d6f62696c657c733a31303a2230383135323031323334223b757365725f67726f75707c733a313a2233223b),
('1f300ae5fb278c428564c68db3ac77d2db0cc672', '10.1.142.59', 1552888819, 0x5f5f63695f6c6173745f726567656e65726174657c693a313535323838383831393b),
('1f47d49d2f24b2ecff26387fee0b1692318d86ef', '10.1.142.59', 1552281328, 0x5f5f63695f6c6173745f726567656e65726174657c693a313535323238313332383b757365725f69647c733a313a2233223b757365725f656d61696c7c733a31343a227465737440676d61696c2e636f6d223b757365725f7072656669786e616d657c733a303a22223b757365725f6e616d657c733a373a22686f6d73616e67223b757365725f6c6173746e616d657c733a343a2274657374223b757365725f706f736974696f6e7c733a303a22223b757365725f67656e6465727c733a313a2231223b757365725f6465706172746d656e747c733a343a2274657374223b757365725f7374617475737c733a313a2230223b757365725f616464726573737c733a343a2274657374223b757365725f74656c6570686f6e657c733a303a22223b757365725f6d6f62696c657c733a343a2231313131223b757365725f67726f75707c733a313a2232223b),
('1fdd1f4998c230dd2cb05f20e88b5e0cb41dbfc7', '::1', 1551866435, 0x5f5f63695f6c6173745f726567656e65726174657c693a313535313836363433353b),
('20e5f3381de6e42f1b5c799a8a0f766940b31d3f', '10.1.142.59', 1553055417, 0x5f5f63695f6c6173745f726567656e65726174657c693a313535333035353132323b),
('225919884511833d0ea5824f06502e3e8e7d0890', '10.1.142.59', 1553065325, 0x5f5f63695f6c6173745f726567656e65726174657c693a313535333036353332353b757365725f69647c733a313a2232223b757365725f656d61696c7c733a31353a2261646d696e406c6f63616c2e636f6d223b757365725f7072656669786e616d657c733a393a22e0b899e0b8b2e0b8a2223b757365725f6e616d657c733a32363a22e0b984e0b88ae0b8a2e0b8a7e0b8b1e0b892e0b8992020202020223b757365725f6c6173746e616d657c733a31383a22e0b8abe0b8ade0b8a1e0b981e0b8aae0b887223b757365725f706f736974696f6e7c733a34353a22e0b899e0b8b1e0b881e0b8a7e0b8b4e0b88ae0b8b2e0b881e0b8b2e0b8a3e0b8a8e0b8b6e0b881e0b8b2e0b8b2223b757365725f67656e6465727c733a313a2231223b757365725f6465706172746d656e747c733a37353a22e0b8a1e0b8abe0b8b2e0b8a7e0b8b4e0b897e0b8a2e0b8b2e0b8a5e0b8b1e0b8a2e0b8a3e0b8b2e0b88ae0b8a0e0b8b1e0b88ee0b8ade0b8b8e0b894e0b8a3e0b898e0b8b2e0b899e0b8b5223b757365725f7374617475737c733a313a2230223b757365725f616464726573737c733a3132333a2232333420e0b884e0b893e0b8b0e0b8a7e0b8b4e0b897e0b8a2e0b8b2e0b8a8e0b8b2e0b8aae0b895e0b8a3e0b98c0d0ae0b8a1e0b8abe0b8b2e0b8a7e0b8b4e0b897e0b8a2e0b8b2e0b8a5e0b8b1e0b8a2e0b8a3e0b8b2e0b88ae0b8a0e0b8b1e0b88fe0b8ade0b8b8e0b894e0b8a3e0b898e0b8b2e0b899e0b8b5223b757365725f74656c6570686f6e657c733a313a222d223b757365725f6d6f62696c657c733a31303a2230383135323031323334223b757365725f67726f75707c733a313a2233223b),
('22710ab56a865c7f12c8de08c89cdf5f43f14bce', '10.1.142.59', 1552379052, 0x5f5f63695f6c6173745f726567656e65726174657c693a313535323337393031323b757365725f69647c733a313a2232223b757365725f656d61696c7c733a31353a2261646d696e406c6f63616c2e636f6d223b757365725f7072656669786e616d657c733a393a22e0b899e0b8b2e0b8a2223b757365725f6e616d657c733a32363a22e0b984e0b88ae0b8a2e0b8a7e0b8b1e0b892e0b8992020202020223b757365725f6c6173746e616d657c733a31383a22e0b8abe0b8ade0b8a1e0b981e0b8aae0b887223b757365725f706f736974696f6e7c733a34353a22e0b899e0b8b1e0b881e0b8a7e0b8b4e0b88ae0b8b2e0b881e0b8b2e0b8a3e0b8a8e0b8b6e0b881e0b8b2e0b8b2223b757365725f67656e6465727c733a313a2231223b757365725f6465706172746d656e747c733a37353a22e0b8a1e0b8abe0b8b2e0b8a7e0b8b4e0b897e0b8a2e0b8b2e0b8a5e0b8b1e0b8a2e0b8a3e0b8b2e0b88ae0b8a0e0b8b1e0b88ee0b8ade0b8b8e0b894e0b8a3e0b898e0b8b2e0b899e0b8b5223b757365725f7374617475737c733a313a2230223b757365725f616464726573737c733a3132333a2232333420e0b884e0b893e0b8b0e0b8a7e0b8b4e0b897e0b8a2e0b8b2e0b8a8e0b8b2e0b8aae0b895e0b8a3e0b98c0d0ae0b8a1e0b8abe0b8b2e0b8a7e0b8b4e0b897e0b8a2e0b8b2e0b8a5e0b8b1e0b8a2e0b8a3e0b8b2e0b88ae0b8a0e0b8b1e0b88fe0b8ade0b8b8e0b894e0b8a3e0b898e0b8b2e0b899e0b8b5223b757365725f74656c6570686f6e657c733a313a222d223b757365725f6d6f62696c657c733a31303a2230383135323031323334223b757365725f67726f75707c733a313a2233223b),
('251d3eeebba09503be2e279df6d39d5bf6270849', '10.1.142.59', 1552885624, 0x5f5f63695f6c6173745f726567656e65726174657c693a313535323838353530343b),
('2613a0a479ed031ce1e577eb02e31e3b76ca1383', '10.1.142.59', 1551931080, 0x5f5f63695f6c6173745f726567656e65726174657c693a313535313933303934393b757365725f69647c733a313a2232223b757365725f656d61696c7c733a31353a2261646d696e406c6f63616c2e636f6d223b757365725f7072656669786e616d657c733a393a22e0b899e0b8b2e0b8a2223b757365725f6e616d657c733a32363a22e0b984e0b88ae0b8a2e0b8a7e0b8b1e0b892e0b8992020202020223b757365725f6c6173746e616d657c733a31383a22e0b8abe0b8ade0b8a1e0b981e0b8aae0b887223b757365725f706f736974696f6e7c733a34353a22e0b899e0b8b1e0b881e0b8a7e0b8b4e0b88ae0b8b2e0b881e0b8b2e0b8a3e0b8a8e0b8b6e0b881e0b8b2e0b8b2223b757365725f67656e6465727c733a313a2231223b757365725f6465706172746d656e747c733a37353a22e0b8a1e0b8abe0b8b2e0b8a7e0b8b4e0b897e0b8a2e0b8b2e0b8a5e0b8b1e0b8a2e0b8a3e0b8b2e0b88ae0b8a0e0b8b1e0b88ee0b8ade0b8b8e0b894e0b8a3e0b898e0b8b2e0b899e0b8b5223b757365725f7374617475737c733a313a2230223b757365725f616464726573737c733a3132333a2232333420e0b884e0b893e0b8b0e0b8a7e0b8b4e0b897e0b8a2e0b8b2e0b8a8e0b8b2e0b8aae0b895e0b8a3e0b98c0d0ae0b8a1e0b8abe0b8b2e0b8a7e0b8b4e0b897e0b8a2e0b8b2e0b8a5e0b8b1e0b8a2e0b8a3e0b8b2e0b88ae0b8a0e0b8b1e0b88fe0b8ade0b8b8e0b894e0b8a3e0b898e0b8b2e0b899e0b8b5223b757365725f74656c6570686f6e657c733a313a222d223b757365725f6d6f62696c657c733a31303a2230383135323031323334223b757365725f67726f75707c733a313a2233223b),
('266aef2cc2492c97e11d6216f2738ac050e51e81', '10.1.142.59', 1552274810, 0x5f5f63695f6c6173745f726567656e65726174657c693a313535323237343831303b),
('26abf45546ed9ced44a39d5da5bf0c8cd849f762', '10.1.142.59', 1552024963, 0x5f5f63695f6c6173745f726567656e65726174657c693a313535323032343637333b757365725f69647c733a313a2232223b757365725f656d61696c7c733a31353a2261646d696e406c6f63616c2e636f6d223b757365725f7072656669786e616d657c733a393a22e0b899e0b8b2e0b8a2223b757365725f6e616d657c733a32363a22e0b984e0b88ae0b8a2e0b8a7e0b8b1e0b892e0b8992020202020223b757365725f6c6173746e616d657c733a31383a22e0b8abe0b8ade0b8a1e0b981e0b8aae0b887223b757365725f706f736974696f6e7c733a34353a22e0b899e0b8b1e0b881e0b8a7e0b8b4e0b88ae0b8b2e0b881e0b8b2e0b8a3e0b8a8e0b8b6e0b881e0b8b2e0b8b2223b757365725f67656e6465727c733a313a2231223b757365725f6465706172746d656e747c733a37353a22e0b8a1e0b8abe0b8b2e0b8a7e0b8b4e0b897e0b8a2e0b8b2e0b8a5e0b8b1e0b8a2e0b8a3e0b8b2e0b88ae0b8a0e0b8b1e0b88ee0b8ade0b8b8e0b894e0b8a3e0b898e0b8b2e0b899e0b8b5223b757365725f7374617475737c733a313a2230223b757365725f616464726573737c733a3132333a2232333420e0b884e0b893e0b8b0e0b8a7e0b8b4e0b897e0b8a2e0b8b2e0b8a8e0b8b2e0b8aae0b895e0b8a3e0b98c0d0ae0b8a1e0b8abe0b8b2e0b8a7e0b8b4e0b897e0b8a2e0b8b2e0b8a5e0b8b1e0b8a2e0b8a3e0b8b2e0b88ae0b8a0e0b8b1e0b88fe0b8ade0b8b8e0b894e0b8a3e0b898e0b8b2e0b899e0b8b5223b757365725f74656c6570686f6e657c733a313a222d223b757365725f6d6f62696c657c733a31303a2230383135323031323334223b757365725f67726f75707c733a313a2233223b),
('27d6bb8816fd87f375d36e4bac6fc1de7f020802', '10.1.142.59', 1552028233, 0x5f5f63695f6c6173745f726567656e65726174657c693a313535323032383233333b757365725f69647c733a313a2232223b757365725f656d61696c7c733a31353a2261646d696e406c6f63616c2e636f6d223b757365725f7072656669786e616d657c733a393a22e0b899e0b8b2e0b8a2223b757365725f6e616d657c733a32363a22e0b984e0b88ae0b8a2e0b8a7e0b8b1e0b892e0b8992020202020223b757365725f6c6173746e616d657c733a31383a22e0b8abe0b8ade0b8a1e0b981e0b8aae0b887223b757365725f706f736974696f6e7c733a34353a22e0b899e0b8b1e0b881e0b8a7e0b8b4e0b88ae0b8b2e0b881e0b8b2e0b8a3e0b8a8e0b8b6e0b881e0b8b2e0b8b2223b757365725f67656e6465727c733a313a2231223b757365725f6465706172746d656e747c733a37353a22e0b8a1e0b8abe0b8b2e0b8a7e0b8b4e0b897e0b8a2e0b8b2e0b8a5e0b8b1e0b8a2e0b8a3e0b8b2e0b88ae0b8a0e0b8b1e0b88ee0b8ade0b8b8e0b894e0b8a3e0b898e0b8b2e0b899e0b8b5223b757365725f7374617475737c733a313a2230223b757365725f616464726573737c733a3132333a2232333420e0b884e0b893e0b8b0e0b8a7e0b8b4e0b897e0b8a2e0b8b2e0b8a8e0b8b2e0b8aae0b895e0b8a3e0b98c0d0ae0b8a1e0b8abe0b8b2e0b8a7e0b8b4e0b897e0b8a2e0b8b2e0b8a5e0b8b1e0b8a2e0b8a3e0b8b2e0b88ae0b8a0e0b8b1e0b88fe0b8ade0b8b8e0b894e0b8a3e0b898e0b8b2e0b899e0b8b5223b757365725f74656c6570686f6e657c733a313a222d223b757365725f6d6f62696c657c733a31303a2230383135323031323334223b757365725f67726f75707c733a313a2233223b),
('2948f0f72ef476adaa2c2abaeada565a933825bf', '::1', 1552275942, 0x5f5f63695f6c6173745f726567656e65726174657c693a313535323237353634363b757365725f69647c733a313a2232223b757365725f656d61696c7c733a31353a2261646d696e406c6f63616c2e636f6d223b757365725f7072656669786e616d657c733a393a22e0b899e0b8b2e0b8a2223b757365725f6e616d657c733a32363a22e0b984e0b88ae0b8a2e0b8a7e0b8b1e0b892e0b8992020202020223b757365725f6c6173746e616d657c733a31383a22e0b8abe0b8ade0b8a1e0b981e0b8aae0b887223b757365725f706f736974696f6e7c733a34353a22e0b899e0b8b1e0b881e0b8a7e0b8b4e0b88ae0b8b2e0b881e0b8b2e0b8a3e0b8a8e0b8b6e0b881e0b8b2e0b8b2223b757365725f67656e6465727c733a313a2231223b757365725f6465706172746d656e747c733a37353a22e0b8a1e0b8abe0b8b2e0b8a7e0b8b4e0b897e0b8a2e0b8b2e0b8a5e0b8b1e0b8a2e0b8a3e0b8b2e0b88ae0b8a0e0b8b1e0b88ee0b8ade0b8b8e0b894e0b8a3e0b898e0b8b2e0b899e0b8b5223b757365725f7374617475737c733a313a2230223b757365725f616464726573737c733a3132333a2232333420e0b884e0b893e0b8b0e0b8a7e0b8b4e0b897e0b8a2e0b8b2e0b8a8e0b8b2e0b8aae0b895e0b8a3e0b98c0d0ae0b8a1e0b8abe0b8b2e0b8a7e0b8b4e0b897e0b8a2e0b8b2e0b8a5e0b8b1e0b8a2e0b8a3e0b8b2e0b88ae0b8a0e0b8b1e0b88fe0b8ade0b8b8e0b894e0b8a3e0b898e0b8b2e0b899e0b8b5223b757365725f74656c6570686f6e657c733a313a222d223b757365725f6d6f62696c657c733a31303a2230383135323031323334223b757365725f67726f75707c733a313a2233223b),
('29d0fd5aeb32981322f75476f0e94aaeb049b827', '10.1.142.59', 1552885336, 0x5f5f63695f6c6173745f726567656e65726174657c693a313535323838353135373b),
('2b3b46f8951eb751f96a86ee54a925ae9948ec33', '10.1.142.59', 1552895559, 0x5f5f63695f6c6173745f726567656e65726174657c693a313535323839353330323b),
('2baf0119937a3723deca0736676523261ce230f3', '10.1.142.59', 1552362545, 0x5f5f63695f6c6173745f726567656e65726174657c693a313535323336323235363b757365725f69647c733a313a2231223b757365725f656d61696c7c733a31323a22746540676d61696c2e636f6d223b757365725f7072656669786e616d657c733a303a22223b757365725f6e616d657c733a373a2263686169776174223b757365725f6c6173746e616d657c733a31383a22e0b8abe0b8ade0b8a1e0b981e0b8aae0b887223b757365725f706f736974696f6e7c733a34353a22e0b899e0b8b1e0b881e0b8a7e0b8b4e0b88ae0b8b2e0b881e0b8b2e0b8a3e0b8a8e0b8b6e0b881e0b8a9e0b8b2223b757365725f67656e6465727c733a313a2231223b757365725f6465706172746d656e747c733a33343a22e0b8a1e0b8a3e0b8a02ee0b8ade0b8b8e0b894e0b8a3e0b898e0b8b2e0b899e0b8b5223b757365725f7374617475737c733a313a2230223b757365725f616464726573737c733a33343a22e0b8a1e0b8a3e0b8a02ee0b8ade0b8b8e0b894e0b8a3e0b898e0b8b2e0b899e0b8b5223b757365725f74656c6570686f6e657c733a303a22223b757365725f6d6f62696c657c733a31303a2230383135393230343536223b757365725f67726f75707c733a313a2231223b),
('2c63f76d4b10b7c91a0ddbd115c7382e5bd1ac6e', '10.1.142.59', 1552894376, 0x5f5f63695f6c6173745f726567656e65726174657c693a313535323839343236343b),
('2d412f326a0b33f5db185a068132f9faa20fd03e', '10.1.142.59', 1552889655, 0x5f5f63695f6c6173745f726567656e65726174657c693a313535323838393436363b),
('310e376ba6a8dc293c5e5ae85cb92108e1f65aba', '10.1.142.59', 1552278562, 0x5f5f63695f6c6173745f726567656e65726174657c693a313535323237383332303b757365725f69647c733a313a2232223b757365725f656d61696c7c733a31353a2261646d696e406c6f63616c2e636f6d223b757365725f7072656669786e616d657c733a393a22e0b899e0b8b2e0b8a2223b757365725f6e616d657c733a32363a22e0b984e0b88ae0b8a2e0b8a7e0b8b1e0b892e0b8992020202020223b757365725f6c6173746e616d657c733a31383a22e0b8abe0b8ade0b8a1e0b981e0b8aae0b887223b757365725f706f736974696f6e7c733a34353a22e0b899e0b8b1e0b881e0b8a7e0b8b4e0b88ae0b8b2e0b881e0b8b2e0b8a3e0b8a8e0b8b6e0b881e0b8b2e0b8b2223b757365725f67656e6465727c733a313a2231223b757365725f6465706172746d656e747c733a37353a22e0b8a1e0b8abe0b8b2e0b8a7e0b8b4e0b897e0b8a2e0b8b2e0b8a5e0b8b1e0b8a2e0b8a3e0b8b2e0b88ae0b8a0e0b8b1e0b88ee0b8ade0b8b8e0b894e0b8a3e0b898e0b8b2e0b899e0b8b5223b757365725f7374617475737c733a313a2230223b757365725f616464726573737c733a3132333a2232333420e0b884e0b893e0b8b0e0b8a7e0b8b4e0b897e0b8a2e0b8b2e0b8a8e0b8b2e0b8aae0b895e0b8a3e0b98c0d0ae0b8a1e0b8abe0b8b2e0b8a7e0b8b4e0b897e0b8a2e0b8b2e0b8a5e0b8b1e0b8a2e0b8a3e0b8b2e0b88ae0b8a0e0b8b1e0b88fe0b8ade0b8b8e0b894e0b8a3e0b898e0b8b2e0b899e0b8b5223b757365725f74656c6570686f6e657c733a313a222d223b757365725f6d6f62696c657c733a31303a2230383135323031323334223b757365725f67726f75707c733a313a2233223b),
('31bc387ddaf97fe9bfccdbbdde596dc5278fd093', '10.1.142.59', 1553244747, 0x5f5f63695f6c6173745f726567656e65726174657c693a313535333234343533333b757365725f69647c733a313a2232223b757365725f656d61696c7c733a31353a2261646d696e406c6f63616c2e636f6d223b757365725f7072656669786e616d657c733a393a22e0b899e0b8b2e0b8a2223b757365725f6e616d657c733a32363a22e0b984e0b88ae0b8a2e0b8a7e0b8b1e0b892e0b8992020202020223b757365725f6c6173746e616d657c733a31383a22e0b8abe0b8ade0b8a1e0b981e0b8aae0b887223b757365725f706f736974696f6e7c733a34353a22e0b899e0b8b1e0b881e0b8a7e0b8b4e0b88ae0b8b2e0b881e0b8b2e0b8a3e0b8a8e0b8b6e0b881e0b8b2e0b8b2223b757365725f67656e6465727c733a313a2231223b757365725f6465706172746d656e747c733a37353a22e0b8a1e0b8abe0b8b2e0b8a7e0b8b4e0b897e0b8a2e0b8b2e0b8a5e0b8b1e0b8a2e0b8a3e0b8b2e0b88ae0b8a0e0b8b1e0b88ee0b8ade0b8b8e0b894e0b8a3e0b898e0b8b2e0b899e0b8b5223b757365725f7374617475737c733a313a2230223b757365725f616464726573737c733a3132333a2232333420e0b884e0b893e0b8b0e0b8a7e0b8b4e0b897e0b8a2e0b8b2e0b8a8e0b8b2e0b8aae0b895e0b8a3e0b98c0d0ae0b8a1e0b8abe0b8b2e0b8a7e0b8b4e0b897e0b8a2e0b8b2e0b8a5e0b8b1e0b8a2e0b8a3e0b8b2e0b88ae0b8a0e0b8b1e0b88fe0b8ade0b8b8e0b894e0b8a3e0b898e0b8b2e0b899e0b8b5223b757365725f74656c6570686f6e657c733a313a2231223b757365725f6d6f62696c657c733a31303a2230383135323031323334223b757365725f67726f75707c733a313a2233223b),
('31c7ec75dcbf719c5963f1a49b5f0c49854961fb', '10.1.142.59', 1553065709, 0x5f5f63695f6c6173745f726567656e65726174657c693a313535333036353638373b757365725f69647c733a313a2232223b757365725f656d61696c7c733a31353a2261646d696e406c6f63616c2e636f6d223b757365725f7072656669786e616d657c733a393a22e0b899e0b8b2e0b8a2223b757365725f6e616d657c733a32363a22e0b984e0b88ae0b8a2e0b8a7e0b8b1e0b892e0b8992020202020223b757365725f6c6173746e616d657c733a31383a22e0b8abe0b8ade0b8a1e0b981e0b8aae0b887223b757365725f706f736974696f6e7c733a34353a22e0b899e0b8b1e0b881e0b8a7e0b8b4e0b88ae0b8b2e0b881e0b8b2e0b8a3e0b8a8e0b8b6e0b881e0b8b2e0b8b2223b757365725f67656e6465727c733a313a2231223b757365725f6465706172746d656e747c733a37353a22e0b8a1e0b8abe0b8b2e0b8a7e0b8b4e0b897e0b8a2e0b8b2e0b8a5e0b8b1e0b8a2e0b8a3e0b8b2e0b88ae0b8a0e0b8b1e0b88ee0b8ade0b8b8e0b894e0b8a3e0b898e0b8b2e0b899e0b8b5223b757365725f7374617475737c733a313a2230223b757365725f616464726573737c733a3132333a2232333420e0b884e0b893e0b8b0e0b8a7e0b8b4e0b897e0b8a2e0b8b2e0b8a8e0b8b2e0b8aae0b895e0b8a3e0b98c0d0ae0b8a1e0b8abe0b8b2e0b8a7e0b8b4e0b897e0b8a2e0b8b2e0b8a5e0b8b1e0b8a2e0b8a3e0b8b2e0b88ae0b8a0e0b8b1e0b88fe0b8ade0b8b8e0b894e0b8a3e0b898e0b8b2e0b899e0b8b5223b757365725f74656c6570686f6e657c733a313a222d223b757365725f6d6f62696c657c733a31303a2230383135323031323334223b757365725f67726f75707c733a313a2233223b),
('33119d99c2ee3b0c69e1b6920cd68a36784bec85', '10.1.142.59', 1552276606, 0x5f5f63695f6c6173745f726567656e65726174657c693a313535323237363333383b757365725f69647c733a313a2232223b757365725f656d61696c7c733a31353a2261646d696e406c6f63616c2e636f6d223b757365725f7072656669786e616d657c733a393a22e0b899e0b8b2e0b8a2223b757365725f6e616d657c733a32363a22e0b984e0b88ae0b8a2e0b8a7e0b8b1e0b892e0b8992020202020223b757365725f6c6173746e616d657c733a31383a22e0b8abe0b8ade0b8a1e0b981e0b8aae0b887223b757365725f706f736974696f6e7c733a34353a22e0b899e0b8b1e0b881e0b8a7e0b8b4e0b88ae0b8b2e0b881e0b8b2e0b8a3e0b8a8e0b8b6e0b881e0b8b2e0b8b2223b757365725f67656e6465727c733a313a2231223b757365725f6465706172746d656e747c733a37353a22e0b8a1e0b8abe0b8b2e0b8a7e0b8b4e0b897e0b8a2e0b8b2e0b8a5e0b8b1e0b8a2e0b8a3e0b8b2e0b88ae0b8a0e0b8b1e0b88ee0b8ade0b8b8e0b894e0b8a3e0b898e0b8b2e0b899e0b8b5223b757365725f7374617475737c733a313a2230223b757365725f616464726573737c733a3132333a2232333420e0b884e0b893e0b8b0e0b8a7e0b8b4e0b897e0b8a2e0b8b2e0b8a8e0b8b2e0b8aae0b895e0b8a3e0b98c0d0ae0b8a1e0b8abe0b8b2e0b8a7e0b8b4e0b897e0b8a2e0b8b2e0b8a5e0b8b1e0b8a2e0b8a3e0b8b2e0b88ae0b8a0e0b8b1e0b88fe0b8ade0b8b8e0b894e0b8a3e0b898e0b8b2e0b899e0b8b5223b757365725f74656c6570686f6e657c733a313a222d223b757365725f6d6f62696c657c733a31303a2230383135323031323334223b757365725f67726f75707c733a313a2233223b),
('368ce44eaf84d4a02ac29e844878864585891de1', '10.1.142.59', 1552893862, 0x5f5f63695f6c6173745f726567656e65726174657c693a313535323839333539383b),
('3734971c82e9786693e623684a7fb786b53b3732', '10.1.142.59', 1551940390, 0x5f5f63695f6c6173745f726567656e65726174657c693a313535313934303039303b757365725f69647c733a313a2232223b757365725f656d61696c7c733a31353a2261646d696e406c6f63616c2e636f6d223b757365725f7072656669786e616d657c733a393a22e0b899e0b8b2e0b8a2223b757365725f6e616d657c733a32363a22e0b984e0b88ae0b8a2e0b8a7e0b8b1e0b892e0b8992020202020223b757365725f6c6173746e616d657c733a31383a22e0b8abe0b8ade0b8a1e0b981e0b8aae0b887223b757365725f706f736974696f6e7c733a34353a22e0b899e0b8b1e0b881e0b8a7e0b8b4e0b88ae0b8b2e0b881e0b8b2e0b8a3e0b8a8e0b8b6e0b881e0b8b2e0b8b2223b757365725f67656e6465727c733a313a2231223b757365725f6465706172746d656e747c733a37353a22e0b8a1e0b8abe0b8b2e0b8a7e0b8b4e0b897e0b8a2e0b8b2e0b8a5e0b8b1e0b8a2e0b8a3e0b8b2e0b88ae0b8a0e0b8b1e0b88ee0b8ade0b8b8e0b894e0b8a3e0b898e0b8b2e0b899e0b8b5223b757365725f7374617475737c733a313a2230223b757365725f616464726573737c733a3132333a2232333420e0b884e0b893e0b8b0e0b8a7e0b8b4e0b897e0b8a2e0b8b2e0b8a8e0b8b2e0b8aae0b895e0b8a3e0b98c0d0ae0b8a1e0b8abe0b8b2e0b8a7e0b8b4e0b897e0b8a2e0b8b2e0b8a5e0b8b1e0b8a2e0b8a3e0b8b2e0b88ae0b8a0e0b8b1e0b88fe0b8ade0b8b8e0b894e0b8a3e0b898e0b8b2e0b899e0b8b5223b757365725f74656c6570686f6e657c733a313a222d223b757365725f6d6f62696c657c733a31303a2230383135323031323334223b757365725f67726f75707c733a313a2233223b),
('3e2fa65164bf413a9fc97d282c6fa53cfcb6cdbf', '10.1.142.59', 1553056045, 0x5f5f63695f6c6173745f726567656e65726174657c693a313535333035353934393b),
('3e373fffa730c762dd4e0ae939fcce6a0ba77810', '10.1.142.59', 1552886908, 0x5f5f63695f6c6173745f726567656e65726174657c693a313535323838363837353b),
('3ecdb8bde429a74c45c7caeee341675b70f8db26', '10.1.142.59', 1552902386, 0x5f5f63695f6c6173745f726567656e65726174657c693a313535323930323338363b),
('43b7a138d448573fdad285623ccff410179a57af', '10.1.142.59', 1552360962, 0x5f5f63695f6c6173745f726567656e65726174657c693a313535323336303932353b757365725f69647c733a313a2231223b757365725f656d61696c7c733a31323a22746540676d61696c2e636f6d223b757365725f7072656669786e616d657c733a303a22223b757365725f6e616d657c733a373a2263686169776174223b757365725f6c6173746e616d657c733a31383a22e0b8abe0b8ade0b8a1e0b981e0b8aae0b887223b757365725f706f736974696f6e7c733a34353a22e0b899e0b8b1e0b881e0b8a7e0b8b4e0b88ae0b8b2e0b881e0b8b2e0b8a3e0b8a8e0b8b6e0b881e0b8a9e0b8b2223b757365725f67656e6465727c733a313a2231223b757365725f6465706172746d656e747c733a33343a22e0b8a1e0b8a3e0b8a02ee0b8ade0b8b8e0b894e0b8a3e0b898e0b8b2e0b899e0b8b5223b757365725f7374617475737c733a313a2230223b757365725f616464726573737c733a33343a22e0b8a1e0b8a3e0b8a02ee0b8ade0b8b8e0b894e0b8a3e0b898e0b8b2e0b899e0b8b5223b757365725f74656c6570686f6e657c733a303a22223b757365725f6d6f62696c657c733a31303a2230383135393230343536223b757365725f67726f75707c733a313a2231223b),
('442dcbfcd28c4f96dc44c65bf636f3f1b64cff54', '10.1.142.59', 1552882063, 0x5f5f63695f6c6173745f726567656e65726174657c693a313535323838313736353b757365725f69647c733a313a2233223b757365725f656d61696c7c733a31343a227465737440676d61696c2e636f6d223b757365725f7072656669786e616d657c733a303a22223b757365725f6e616d657c733a373a22686f6d73616e67223b757365725f6c6173746e616d657c733a343a2274657374223b757365725f706f736974696f6e7c733a303a22223b757365725f67656e6465727c733a313a2231223b757365725f6465706172746d656e747c733a343a2274657374223b757365725f7374617475737c733a313a2230223b757365725f616464726573737c733a343a2274657374223b757365725f74656c6570686f6e657c733a303a22223b757365725f6d6f62696c657c733a343a2231313131223b757365725f67726f75707c733a313a2232223b),
('460ab00b8baacd86f20b40314e5fec5f969a2cc4', '10.1.142.59', 1551932728, 0x5f5f63695f6c6173745f726567656e65726174657c693a313535313933323434303b757365725f69647c733a313a2232223b757365725f656d61696c7c733a31353a2261646d696e406c6f63616c2e636f6d223b757365725f7072656669786e616d657c733a393a22e0b899e0b8b2e0b8a2223b757365725f6e616d657c733a32363a22e0b984e0b88ae0b8a2e0b8a7e0b8b1e0b892e0b8992020202020223b757365725f6c6173746e616d657c733a31383a22e0b8abe0b8ade0b8a1e0b981e0b8aae0b887223b757365725f706f736974696f6e7c733a34353a22e0b899e0b8b1e0b881e0b8a7e0b8b4e0b88ae0b8b2e0b881e0b8b2e0b8a3e0b8a8e0b8b6e0b881e0b8b2e0b8b2223b757365725f67656e6465727c733a313a2231223b757365725f6465706172746d656e747c733a37353a22e0b8a1e0b8abe0b8b2e0b8a7e0b8b4e0b897e0b8a2e0b8b2e0b8a5e0b8b1e0b8a2e0b8a3e0b8b2e0b88ae0b8a0e0b8b1e0b88ee0b8ade0b8b8e0b894e0b8a3e0b898e0b8b2e0b899e0b8b5223b757365725f7374617475737c733a313a2230223b757365725f616464726573737c733a3132333a2232333420e0b884e0b893e0b8b0e0b8a7e0b8b4e0b897e0b8a2e0b8b2e0b8a8e0b8b2e0b8aae0b895e0b8a3e0b98c0d0ae0b8a1e0b8abe0b8b2e0b8a7e0b8b4e0b897e0b8a2e0b8b2e0b8a5e0b8b1e0b8a2e0b8a3e0b8b2e0b88ae0b8a0e0b8b1e0b88fe0b8ade0b8b8e0b894e0b8a3e0b898e0b8b2e0b899e0b8b5223b757365725f74656c6570686f6e657c733a313a222d223b757365725f6d6f62696c657c733a31303a2230383135323031323334223b757365725f67726f75707c733a313a2233223b),
('4672f22971c96fa997807e4940776a87a61c4e80', '10.1.142.59', 1551941772, 0x5f5f63695f6c6173745f726567656e65726174657c693a313535313934313737323b),
('4bd575d237f2ec0526febf4a19a7987eb54f1867', '10.1.142.59', 1552274190, 0x5f5f63695f6c6173745f726567656e65726174657c693a313535323237333934343b757365725f69647c733a313a2232223b757365725f656d61696c7c733a31353a2261646d696e406c6f63616c2e636f6d223b757365725f7072656669786e616d657c733a393a22e0b899e0b8b2e0b8a2223b757365725f6e616d657c733a32363a22e0b984e0b88ae0b8a2e0b8a7e0b8b1e0b892e0b8992020202020223b757365725f6c6173746e616d657c733a31383a22e0b8abe0b8ade0b8a1e0b981e0b8aae0b887223b757365725f706f736974696f6e7c733a34353a22e0b899e0b8b1e0b881e0b8a7e0b8b4e0b88ae0b8b2e0b881e0b8b2e0b8a3e0b8a8e0b8b6e0b881e0b8b2e0b8b2223b757365725f67656e6465727c733a313a2231223b757365725f6465706172746d656e747c733a37353a22e0b8a1e0b8abe0b8b2e0b8a7e0b8b4e0b897e0b8a2e0b8b2e0b8a5e0b8b1e0b8a2e0b8a3e0b8b2e0b88ae0b8a0e0b8b1e0b88ee0b8ade0b8b8e0b894e0b8a3e0b898e0b8b2e0b899e0b8b5223b757365725f7374617475737c733a313a2230223b757365725f616464726573737c733a3132333a2232333420e0b884e0b893e0b8b0e0b8a7e0b8b4e0b897e0b8a2e0b8b2e0b8a8e0b8b2e0b8aae0b895e0b8a3e0b98c0d0ae0b8a1e0b8abe0b8b2e0b8a7e0b8b4e0b897e0b8a2e0b8b2e0b8a5e0b8b1e0b8a2e0b8a3e0b8b2e0b88ae0b8a0e0b8b1e0b88fe0b8ade0b8b8e0b894e0b8a3e0b898e0b8b2e0b899e0b8b5223b757365725f74656c6570686f6e657c733a313a222d223b757365725f6d6f62696c657c733a31303a2230383135323031323334223b757365725f67726f75707c733a313a2233223b),
('4c5ddb399e383f002b4d57fc61884a8575ef1280', '10.1.142.59', 1552896072, 0x5f5f63695f6c6173745f726567656e65726174657c693a313535323839363032343b),
('4d0ad3419e42e5ec3467f2d7be9f0f82bd8c2f18', '10.1.142.17', 1551852630, 0x5f5f63695f6c6173745f726567656e65726174657c693a313535313835323633303b757365725f69647c733a313a2232223b757365725f656d61696c7c733a31353a2261646d696e406c6f63616c2e636f6d223b757365725f7072656669786e616d657c733a393a22e0b899e0b8b2e0b8a2223b757365725f6e616d657c733a32363a22e0b984e0b88ae0b8a2e0b8a7e0b8b1e0b892e0b8992020202020223b757365725f6c6173746e616d657c733a31383a22e0b8abe0b8ade0b8a1e0b981e0b8aae0b887223b757365725f706f736974696f6e7c733a34353a22e0b899e0b8b1e0b881e0b8a7e0b8b4e0b88ae0b8b2e0b881e0b8b2e0b8a3e0b8a8e0b8b6e0b881e0b8b2e0b8b2223b757365725f67656e6465727c733a313a2231223b757365725f6465706172746d656e747c733a37353a22e0b8a1e0b8abe0b8b2e0b8a7e0b8b4e0b897e0b8a2e0b8b2e0b8a5e0b8b1e0b8a2e0b8a3e0b8b2e0b88ae0b8a0e0b8b1e0b88ee0b8ade0b8b8e0b894e0b8a3e0b898e0b8b2e0b899e0b8b5223b757365725f7374617475737c733a313a2230223b757365725f616464726573737c733a3132333a2232333420e0b884e0b893e0b8b0e0b8a7e0b8b4e0b897e0b8a2e0b8b2e0b8a8e0b8b2e0b8aae0b895e0b8a3e0b98c0d0ae0b8a1e0b8abe0b8b2e0b8a7e0b8b4e0b897e0b8a2e0b8b2e0b8a5e0b8b1e0b8a2e0b8a3e0b8b2e0b88ae0b8a0e0b8b1e0b88fe0b8ade0b8b8e0b894e0b8a3e0b898e0b8b2e0b899e0b8b5223b757365725f74656c6570686f6e657c733a313a222d223b757365725f6d6f62696c657c733a31303a2230383135323031323334223b757365725f67726f75707c733a313a2232223b);
INSERT INTO `ci_sessions` (`id`, `ip_address`, `timestamp`, `data`) VALUES
('52d33c5f7e4ceefef6ee78c5b3c59494419f9944', '10.1.142.59', 1553066509, 0x5f5f63695f6c6173745f726567656e65726174657c693a313535333036363237343b757365725f69647c733a313a2232223b757365725f656d61696c7c733a31353a2261646d696e406c6f63616c2e636f6d223b757365725f7072656669786e616d657c733a393a22e0b899e0b8b2e0b8a2223b757365725f6e616d657c733a32363a22e0b984e0b88ae0b8a2e0b8a7e0b8b1e0b892e0b8992020202020223b757365725f6c6173746e616d657c733a31383a22e0b8abe0b8ade0b8a1e0b981e0b8aae0b887223b757365725f706f736974696f6e7c733a34353a22e0b899e0b8b1e0b881e0b8a7e0b8b4e0b88ae0b8b2e0b881e0b8b2e0b8a3e0b8a8e0b8b6e0b881e0b8b2e0b8b2223b757365725f67656e6465727c733a313a2231223b757365725f6465706172746d656e747c733a37353a22e0b8a1e0b8abe0b8b2e0b8a7e0b8b4e0b897e0b8a2e0b8b2e0b8a5e0b8b1e0b8a2e0b8a3e0b8b2e0b88ae0b8a0e0b8b1e0b88ee0b8ade0b8b8e0b894e0b8a3e0b898e0b8b2e0b899e0b8b5223b757365725f7374617475737c733a313a2230223b757365725f616464726573737c733a3132333a2232333420e0b884e0b893e0b8b0e0b8a7e0b8b4e0b897e0b8a2e0b8b2e0b8a8e0b8b2e0b8aae0b895e0b8a3e0b98c0d0ae0b8a1e0b8abe0b8b2e0b8a7e0b8b4e0b897e0b8a2e0b8b2e0b8a5e0b8b1e0b8a2e0b8a3e0b8b2e0b88ae0b8a0e0b8b1e0b88fe0b8ade0b8b8e0b894e0b8a3e0b898e0b8b2e0b899e0b8b5223b757365725f74656c6570686f6e657c733a313a222d223b757365725f6d6f62696c657c733a31303a2230383135323031323334223b757365725f67726f75707c733a313a2233223b),
('53a6edba5addcbc427b9c7c0f40e3e7b0d049812', '10.1.142.59', 1552891747, 0x5f5f63695f6c6173745f726567656e65726174657c693a313535323839313437323b),
('547a3123a0fdd7f0310bf00cb403b4af2ab32116', '10.1.142.59', 1553245725, 0x5f5f63695f6c6173745f726567656e65726174657c693a313535333234353530383b757365725f69647c733a313a2234223b757365725f656d61696c7c733a31343a227465746540676d61696c2e636f6d223b757365725f7072656669786e616d657c733a303a22223b757365725f6e616d657c733a323a227465223b757365725f6c6173746e616d657c733a323a227465223b757365725f706f736974696f6e7c733a323a227465223b757365725f67656e6465727c733a313a2231223b757365725f6465706172746d656e747c733a323a227465223b757365725f7374617475737c733a313a2230223b757365725f616464726573737c733a303a22223b757365725f74656c6570686f6e657c733a303a22223b757365725f6d6f62696c657c733a303a22223b757365725f67726f75707c733a313a2232223b),
('556b66fc5e15f7d8d16fc15d7fa0c125c4b605a3', '10.1.142.59', 1552886283, 0x5f5f63695f6c6173745f726567656e65726174657c693a313535323838363031303b),
('5687024dc7fb4452c05c6a525e4cf51e2e457a42', '10.1.142.59', 1552363592, 0x5f5f63695f6c6173745f726567656e65726174657c693a313535323336333332383b757365725f69647c733a313a2231223b757365725f656d61696c7c733a31323a22746540676d61696c2e636f6d223b757365725f7072656669786e616d657c733a303a22223b757365725f6e616d657c733a373a2263686169776174223b757365725f6c6173746e616d657c733a31383a22e0b8abe0b8ade0b8a1e0b981e0b8aae0b887223b757365725f706f736974696f6e7c733a34353a22e0b899e0b8b1e0b881e0b8a7e0b8b4e0b88ae0b8b2e0b881e0b8b2e0b8a3e0b8a8e0b8b6e0b881e0b8a9e0b8b2223b757365725f67656e6465727c733a313a2231223b757365725f6465706172746d656e747c733a33343a22e0b8a1e0b8a3e0b8a02ee0b8ade0b8b8e0b894e0b8a3e0b898e0b8b2e0b899e0b8b5223b757365725f7374617475737c733a313a2230223b757365725f616464726573737c733a33343a22e0b8a1e0b8a3e0b8a02ee0b8ade0b8b8e0b894e0b8a3e0b898e0b8b2e0b899e0b8b5223b757365725f74656c6570686f6e657c733a303a22223b757365725f6d6f62696c657c733a31303a2230383135393230343536223b757365725f67726f75707c733a313a2231223b),
('58d562f4b1343aa71f8baefcceb2ef5cf4e1cb2c', '10.1.142.59', 1552889277, 0x5f5f63695f6c6173745f726567656e65726174657c693a313535323838393035323b),
('5959b364075b3a25ab869202eaaa7b5eddadf279', '::1', 1552300491, 0x5f5f63695f6c6173745f726567656e65726174657c693a313535323330303434313b),
('5d16418ece61be1dc887bec453ebcf9e249476de', '10.1.142.59', 1552888292, 0x5f5f63695f6c6173745f726567656e65726174657c693a313535323838383030363b),
('630a0585fbb27fce28259a0f3d0e1112dc90b4c6', '10.1.142.59', 1553067421, 0x5f5f63695f6c6173745f726567656e65726174657c693a313535333036373132383b757365725f69647c733a313a2232223b757365725f656d61696c7c733a31353a2261646d696e406c6f63616c2e636f6d223b757365725f7072656669786e616d657c733a393a22e0b899e0b8b2e0b8a2223b757365725f6e616d657c733a32363a22e0b984e0b88ae0b8a2e0b8a7e0b8b1e0b892e0b8992020202020223b757365725f6c6173746e616d657c733a31383a22e0b8abe0b8ade0b8a1e0b981e0b8aae0b887223b757365725f706f736974696f6e7c733a34353a22e0b899e0b8b1e0b881e0b8a7e0b8b4e0b88ae0b8b2e0b881e0b8b2e0b8a3e0b8a8e0b8b6e0b881e0b8b2e0b8b2223b757365725f67656e6465727c733a313a2231223b757365725f6465706172746d656e747c733a37353a22e0b8a1e0b8abe0b8b2e0b8a7e0b8b4e0b897e0b8a2e0b8b2e0b8a5e0b8b1e0b8a2e0b8a3e0b8b2e0b88ae0b8a0e0b8b1e0b88ee0b8ade0b8b8e0b894e0b8a3e0b898e0b8b2e0b899e0b8b5223b757365725f7374617475737c733a313a2230223b757365725f616464726573737c733a3132333a2232333420e0b884e0b893e0b8b0e0b8a7e0b8b4e0b897e0b8a2e0b8b2e0b8a8e0b8b2e0b8aae0b895e0b8a3e0b98c0d0ae0b8a1e0b8abe0b8b2e0b8a7e0b8b4e0b897e0b8a2e0b8b2e0b8a5e0b8b1e0b8a2e0b8a3e0b8b2e0b88ae0b8a0e0b8b1e0b88fe0b8ade0b8b8e0b894e0b8a3e0b898e0b8b2e0b899e0b8b5223b757365725f74656c6570686f6e657c733a313a222d223b757365725f6d6f62696c657c733a31303a2230383135323031323334223b757365725f67726f75707c733a313a2233223b),
('6374bfe7f1467ed2c0f226516b5478d1a586374d', '10.1.142.59', 1551851922, 0x5f5f63695f6c6173745f726567656e65726174657c693a313535313835313632363b757365725f69647c733a313a2232223b757365725f656d61696c7c733a31353a2261646d696e406c6f63616c2e636f6d223b757365725f7072656669786e616d657c733a393a22e0b899e0b8b2e0b8a2223b757365725f6e616d657c733a32343a22e0b984e0b88ae0b8a2e0b8a7e0b8b1e0b892e0b899e0b98c223b757365725f6c6173746e616d657c733a31383a22e0b8abe0b8ade0b8a1e0b981e0b8aae0b887223b757365725f706f736974696f6e7c733a34353a22e0b899e0b8b1e0b881e0b8a7e0b8b4e0b88ae0b8b2e0b881e0b8b2e0b8a3e0b8a8e0b8b6e0b881e0b8b2e0b8b2223b757365725f67656e6465727c733a313a2231223b757365725f6465706172746d656e747c733a37353a22e0b8a1e0b8abe0b8b2e0b8a7e0b8b4e0b897e0b8a2e0b8b2e0b8a5e0b8b1e0b8a2e0b8a3e0b8b2e0b88ae0b8a0e0b8b1e0b88ee0b8ade0b8b8e0b894e0b8a3e0b898e0b8b2e0b899e0b8b5223b757365725f7374617475737c733a313a2230223b757365725f616464726573737c733a37353a22e0b8a1e0b8abe0b8b2e0b8a7e0b8b4e0b897e0b8a2e0b8b2e0b8a5e0b8b1e0b8a2e0b8a3e0b8b2e0b88ae0b8a0e0b8b1e0b88fe0b8ade0b8b8e0b894e0b8a3e0b898e0b8b2e0b899e0b8b5223b757365725f74656c6570686f6e657c733a313a222d223b757365725f6d6f62696c657c733a31303a2230383135323031323334223b757365725f67726f75707c733a313a2233223b),
('657b9dc6949214a4ca3eaefc0c73eb2fd652c31c', '10.1.142.59', 1551941476, 0x5f5f63695f6c6173745f726567656e65726174657c693a313535313934313332353b757365725f69647c733a313a2232223b757365725f656d61696c7c733a31353a2261646d696e406c6f63616c2e636f6d223b757365725f7072656669786e616d657c733a393a22e0b899e0b8b2e0b8a2223b757365725f6e616d657c733a32363a22e0b984e0b88ae0b8a2e0b8a7e0b8b1e0b892e0b8992020202020223b757365725f6c6173746e616d657c733a31383a22e0b8abe0b8ade0b8a1e0b981e0b8aae0b887223b757365725f706f736974696f6e7c733a34353a22e0b899e0b8b1e0b881e0b8a7e0b8b4e0b88ae0b8b2e0b881e0b8b2e0b8a3e0b8a8e0b8b6e0b881e0b8b2e0b8b2223b757365725f67656e6465727c733a313a2231223b757365725f6465706172746d656e747c733a37353a22e0b8a1e0b8abe0b8b2e0b8a7e0b8b4e0b897e0b8a2e0b8b2e0b8a5e0b8b1e0b8a2e0b8a3e0b8b2e0b88ae0b8a0e0b8b1e0b88ee0b8ade0b8b8e0b894e0b8a3e0b898e0b8b2e0b899e0b8b5223b757365725f7374617475737c733a313a2230223b757365725f616464726573737c733a3132333a2232333420e0b884e0b893e0b8b0e0b8a7e0b8b4e0b897e0b8a2e0b8b2e0b8a8e0b8b2e0b8aae0b895e0b8a3e0b98c0d0ae0b8a1e0b8abe0b8b2e0b8a7e0b8b4e0b897e0b8a2e0b8b2e0b8a5e0b8b1e0b8a2e0b8a3e0b8b2e0b88ae0b8a0e0b8b1e0b88fe0b8ade0b8b8e0b894e0b8a3e0b898e0b8b2e0b899e0b8b5223b757365725f74656c6570686f6e657c733a313a222d223b757365725f6d6f62696c657c733a31303a2230383135323031323334223b757365725f67726f75707c733a313a2233223b),
('670ca4ce3f8b8f15daa23d4a6fdc9bdf04afc2f8', '10.1.142.59', 1552026842, 0x5f5f63695f6c6173745f726567656e65726174657c693a313535323032363638373b757365725f69647c733a313a2232223b757365725f656d61696c7c733a31353a2261646d696e406c6f63616c2e636f6d223b757365725f7072656669786e616d657c733a393a22e0b899e0b8b2e0b8a2223b757365725f6e616d657c733a32363a22e0b984e0b88ae0b8a2e0b8a7e0b8b1e0b892e0b8992020202020223b757365725f6c6173746e616d657c733a31383a22e0b8abe0b8ade0b8a1e0b981e0b8aae0b887223b757365725f706f736974696f6e7c733a34353a22e0b899e0b8b1e0b881e0b8a7e0b8b4e0b88ae0b8b2e0b881e0b8b2e0b8a3e0b8a8e0b8b6e0b881e0b8b2e0b8b2223b757365725f67656e6465727c733a313a2231223b757365725f6465706172746d656e747c733a37353a22e0b8a1e0b8abe0b8b2e0b8a7e0b8b4e0b897e0b8a2e0b8b2e0b8a5e0b8b1e0b8a2e0b8a3e0b8b2e0b88ae0b8a0e0b8b1e0b88ee0b8ade0b8b8e0b894e0b8a3e0b898e0b8b2e0b899e0b8b5223b757365725f7374617475737c733a313a2230223b757365725f616464726573737c733a3132333a2232333420e0b884e0b893e0b8b0e0b8a7e0b8b4e0b897e0b8a2e0b8b2e0b8a8e0b8b2e0b8aae0b895e0b8a3e0b98c0d0ae0b8a1e0b8abe0b8b2e0b8a7e0b8b4e0b897e0b8a2e0b8b2e0b8a5e0b8b1e0b8a2e0b8a3e0b8b2e0b88ae0b8a0e0b8b1e0b88fe0b8ade0b8b8e0b894e0b8a3e0b898e0b8b2e0b899e0b8b5223b757365725f74656c6570686f6e657c733a313a222d223b757365725f6d6f62696c657c733a31303a2230383135323031323334223b757365725f67726f75707c733a313a2233223b),
('69edfef97a16ce0effad200428d691fa2c7739a7', '10.1.142.59', 1553241481, 0x5f5f63695f6c6173745f726567656e65726174657c693a313535333234313333353b),
('6b548717c15aa1f7e810bbf5f1ad831674f77ff8', '10.1.142.59', 1552975942, 0x5f5f63695f6c6173745f726567656e65726174657c693a313535323937353934323b),
('6cd0cb33adfc2cfa72ad3e5608f4431719f20536', '10.1.142.59', 1552274553, 0x5f5f63695f6c6173745f726567656e65726174657c693a313535323237343236383b757365725f69647c733a313a2232223b757365725f656d61696c7c733a31353a2261646d696e406c6f63616c2e636f6d223b757365725f7072656669786e616d657c733a393a22e0b899e0b8b2e0b8a2223b757365725f6e616d657c733a32363a22e0b984e0b88ae0b8a2e0b8a7e0b8b1e0b892e0b8992020202020223b757365725f6c6173746e616d657c733a31383a22e0b8abe0b8ade0b8a1e0b981e0b8aae0b887223b757365725f706f736974696f6e7c733a34353a22e0b899e0b8b1e0b881e0b8a7e0b8b4e0b88ae0b8b2e0b881e0b8b2e0b8a3e0b8a8e0b8b6e0b881e0b8b2e0b8b2223b757365725f67656e6465727c733a313a2231223b757365725f6465706172746d656e747c733a37353a22e0b8a1e0b8abe0b8b2e0b8a7e0b8b4e0b897e0b8a2e0b8b2e0b8a5e0b8b1e0b8a2e0b8a3e0b8b2e0b88ae0b8a0e0b8b1e0b88ee0b8ade0b8b8e0b894e0b8a3e0b898e0b8b2e0b899e0b8b5223b757365725f7374617475737c733a313a2230223b757365725f616464726573737c733a3132333a2232333420e0b884e0b893e0b8b0e0b8a7e0b8b4e0b897e0b8a2e0b8b2e0b8a8e0b8b2e0b8aae0b895e0b8a3e0b98c0d0ae0b8a1e0b8abe0b8b2e0b8a7e0b8b4e0b897e0b8a2e0b8b2e0b8a5e0b8b1e0b8a2e0b8a3e0b8b2e0b88ae0b8a0e0b8b1e0b88fe0b8ade0b8b8e0b894e0b8a3e0b898e0b8b2e0b899e0b8b5223b757365725f74656c6570686f6e657c733a313a222d223b757365725f6d6f62696c657c733a31303a2230383135323031323334223b757365725f67726f75707c733a313a2233223b),
('7024c4961f12b1da9e626505d238e6721a72f569', '10.1.142.59', 1551934862, 0x5f5f63695f6c6173745f726567656e65726174657c693a313535313933343536353b757365725f69647c733a313a2232223b757365725f656d61696c7c733a31353a2261646d696e406c6f63616c2e636f6d223b757365725f7072656669786e616d657c733a393a22e0b899e0b8b2e0b8a2223b757365725f6e616d657c733a32363a22e0b984e0b88ae0b8a2e0b8a7e0b8b1e0b892e0b8992020202020223b757365725f6c6173746e616d657c733a31383a22e0b8abe0b8ade0b8a1e0b981e0b8aae0b887223b757365725f706f736974696f6e7c733a34353a22e0b899e0b8b1e0b881e0b8a7e0b8b4e0b88ae0b8b2e0b881e0b8b2e0b8a3e0b8a8e0b8b6e0b881e0b8b2e0b8b2223b757365725f67656e6465727c733a313a2231223b757365725f6465706172746d656e747c733a37353a22e0b8a1e0b8abe0b8b2e0b8a7e0b8b4e0b897e0b8a2e0b8b2e0b8a5e0b8b1e0b8a2e0b8a3e0b8b2e0b88ae0b8a0e0b8b1e0b88ee0b8ade0b8b8e0b894e0b8a3e0b898e0b8b2e0b899e0b8b5223b757365725f7374617475737c733a313a2230223b757365725f616464726573737c733a3132333a2232333420e0b884e0b893e0b8b0e0b8a7e0b8b4e0b897e0b8a2e0b8b2e0b8a8e0b8b2e0b8aae0b895e0b8a3e0b98c0d0ae0b8a1e0b8abe0b8b2e0b8a7e0b8b4e0b897e0b8a2e0b8b2e0b8a5e0b8b1e0b8a2e0b8a3e0b8b2e0b88ae0b8a0e0b8b1e0b88fe0b8ade0b8b8e0b894e0b8a3e0b898e0b8b2e0b899e0b8b5223b757365725f74656c6570686f6e657c733a313a222d223b757365725f6d6f62696c657c733a31303a2230383135323031323334223b757365725f67726f75707c733a313a2233223b),
('70bfadabe172971a209044c10e2360856ce80fd6', '10.1.142.59', 1552890514, 0x5f5f63695f6c6173745f726567656e65726174657c693a313535323839303531343b),
('7267aa9c8507d6b3a146e8ad717a40752de16046', '10.1.142.59', 1552029316, 0x5f5f63695f6c6173745f726567656e65726174657c693a313535323032393032303b),
('743d6541f6297c9fa1320f35f5f305b13bf2e5cd', '10.1.142.59', 1553068044, 0x5f5f63695f6c6173745f726567656e65726174657c693a313535333036373830323b757365725f69647c733a313a2232223b757365725f656d61696c7c733a31353a2261646d696e406c6f63616c2e636f6d223b757365725f7072656669786e616d657c733a393a22e0b899e0b8b2e0b8a2223b757365725f6e616d657c733a32363a22e0b984e0b88ae0b8a2e0b8a7e0b8b1e0b892e0b8992020202020223b757365725f6c6173746e616d657c733a31383a22e0b8abe0b8ade0b8a1e0b981e0b8aae0b887223b757365725f706f736974696f6e7c733a34353a22e0b899e0b8b1e0b881e0b8a7e0b8b4e0b88ae0b8b2e0b881e0b8b2e0b8a3e0b8a8e0b8b6e0b881e0b8b2e0b8b2223b757365725f67656e6465727c733a313a2231223b757365725f6465706172746d656e747c733a37353a22e0b8a1e0b8abe0b8b2e0b8a7e0b8b4e0b897e0b8a2e0b8b2e0b8a5e0b8b1e0b8a2e0b8a3e0b8b2e0b88ae0b8a0e0b8b1e0b88ee0b8ade0b8b8e0b894e0b8a3e0b898e0b8b2e0b899e0b8b5223b757365725f7374617475737c733a313a2230223b757365725f616464726573737c733a3132333a2232333420e0b884e0b893e0b8b0e0b8a7e0b8b4e0b897e0b8a2e0b8b2e0b8a8e0b8b2e0b8aae0b895e0b8a3e0b98c0d0ae0b8a1e0b8abe0b8b2e0b8a7e0b8b4e0b897e0b8a2e0b8b2e0b8a5e0b8b1e0b8a2e0b8a3e0b8b2e0b88ae0b8a0e0b8b1e0b88fe0b8ade0b8b8e0b894e0b8a3e0b898e0b8b2e0b899e0b8b5223b757365725f74656c6570686f6e657c733a313a222d223b757365725f6d6f62696c657c733a31303a2230383135323031323334223b757365725f67726f75707c733a313a2233223b),
('778b9e6b3b79c7df4dba17b75feba54113f5b458', '10.1.142.59', 1553057586, 0x5f5f63695f6c6173745f726567656e65726174657c693a313535333035373430393b),
('780a99910ea741cea23d206ccd70c5416be0ea4d', '10.1.142.59', 1553059609, 0x5f5f63695f6c6173745f726567656e65726174657c693a313535333035393432313b757365725f69647c733a313a2232223b757365725f656d61696c7c733a31353a2261646d696e406c6f63616c2e636f6d223b757365725f7072656669786e616d657c733a393a22e0b899e0b8b2e0b8a2223b757365725f6e616d657c733a32363a22e0b984e0b88ae0b8a2e0b8a7e0b8b1e0b892e0b8992020202020223b757365725f6c6173746e616d657c733a31383a22e0b8abe0b8ade0b8a1e0b981e0b8aae0b887223b757365725f706f736974696f6e7c733a34353a22e0b899e0b8b1e0b881e0b8a7e0b8b4e0b88ae0b8b2e0b881e0b8b2e0b8a3e0b8a8e0b8b6e0b881e0b8b2e0b8b2223b757365725f67656e6465727c733a313a2231223b757365725f6465706172746d656e747c733a37353a22e0b8a1e0b8abe0b8b2e0b8a7e0b8b4e0b897e0b8a2e0b8b2e0b8a5e0b8b1e0b8a2e0b8a3e0b8b2e0b88ae0b8a0e0b8b1e0b88ee0b8ade0b8b8e0b894e0b8a3e0b898e0b8b2e0b899e0b8b5223b757365725f7374617475737c733a313a2230223b757365725f616464726573737c733a3132333a2232333420e0b884e0b893e0b8b0e0b8a7e0b8b4e0b897e0b8a2e0b8b2e0b8a8e0b8b2e0b8aae0b895e0b8a3e0b98c0d0ae0b8a1e0b8abe0b8b2e0b8a7e0b8b4e0b897e0b8a2e0b8b2e0b8a5e0b8b1e0b8a2e0b8a3e0b8b2e0b88ae0b8a0e0b8b1e0b88fe0b8ade0b8b8e0b894e0b8a3e0b898e0b8b2e0b899e0b8b5223b757365725f74656c6570686f6e657c733a313a222d223b757365725f6d6f62696c657c733a31303a2230383135323031323334223b757365725f67726f75707c733a313a2233223b),
('799b3661a7a705e24f38c0e4f1b7d51e0f9c4a98', '::1', 1552990757, 0x5f5f63695f6c6173745f726567656e65726174657c693a313535323939303537373b757365725f69647c733a313a2232223b757365725f656d61696c7c733a31353a2261646d696e406c6f63616c2e636f6d223b757365725f7072656669786e616d657c733a393a22e0b899e0b8b2e0b8a2223b757365725f6e616d657c733a32363a22e0b984e0b88ae0b8a2e0b8a7e0b8b1e0b892e0b8992020202020223b757365725f6c6173746e616d657c733a31383a22e0b8abe0b8ade0b8a1e0b981e0b8aae0b887223b757365725f706f736974696f6e7c733a34353a22e0b899e0b8b1e0b881e0b8a7e0b8b4e0b88ae0b8b2e0b881e0b8b2e0b8a3e0b8a8e0b8b6e0b881e0b8b2e0b8b2223b757365725f67656e6465727c733a313a2231223b757365725f6465706172746d656e747c733a37353a22e0b8a1e0b8abe0b8b2e0b8a7e0b8b4e0b897e0b8a2e0b8b2e0b8a5e0b8b1e0b8a2e0b8a3e0b8b2e0b88ae0b8a0e0b8b1e0b88ee0b8ade0b8b8e0b894e0b8a3e0b898e0b8b2e0b899e0b8b5223b757365725f7374617475737c733a313a2230223b757365725f616464726573737c733a3132333a2232333420e0b884e0b893e0b8b0e0b8a7e0b8b4e0b897e0b8a2e0b8b2e0b8a8e0b8b2e0b8aae0b895e0b8a3e0b98c0d0ae0b8a1e0b8abe0b8b2e0b8a7e0b8b4e0b897e0b8a2e0b8b2e0b8a5e0b8b1e0b8a2e0b8a3e0b8b2e0b88ae0b8a0e0b8b1e0b88fe0b8ade0b8b8e0b894e0b8a3e0b898e0b8b2e0b899e0b8b5223b757365725f74656c6570686f6e657c733a313a222d223b757365725f6d6f62696c657c733a31303a2230383135323031323334223b757365725f67726f75707c733a313a2233223b),
('7a98b1e09caa1a14d1539dc37b6979e4298a13db', '10.1.142.59', 1552894205, 0x5f5f63695f6c6173745f726567656e65726174657c693a313535323839333934333b),
('7b9b8abdddcc061c22493a08e09149a7a86923f8', '10.1.142.59', 1552876665, 0x5f5f63695f6c6173745f726567656e65726174657c693a313535323837363634303b757365725f69647c733a313a2233223b757365725f656d61696c7c733a31343a227465737440676d61696c2e636f6d223b757365725f7072656669786e616d657c733a303a22223b757365725f6e616d657c733a373a22686f6d73616e67223b757365725f6c6173746e616d657c733a343a2274657374223b757365725f706f736974696f6e7c733a303a22223b757365725f67656e6465727c733a313a2231223b757365725f6465706172746d656e747c733a343a2274657374223b757365725f7374617475737c733a313a2230223b757365725f616464726573737c733a343a2274657374223b757365725f74656c6570686f6e657c733a303a22223b757365725f6d6f62696c657c733a343a2231313131223b757365725f67726f75707c733a313a2232223b),
('7dc7f480687183eb18a71911d33d922fa3d42304', '10.1.142.59', 1551932921, 0x5f5f63695f6c6173745f726567656e65726174657c693a313535313933323738363b757365725f69647c733a313a2232223b757365725f656d61696c7c733a31353a2261646d696e406c6f63616c2e636f6d223b757365725f7072656669786e616d657c733a393a22e0b899e0b8b2e0b8a2223b757365725f6e616d657c733a32363a22e0b984e0b88ae0b8a2e0b8a7e0b8b1e0b892e0b8992020202020223b757365725f6c6173746e616d657c733a31383a22e0b8abe0b8ade0b8a1e0b981e0b8aae0b887223b757365725f706f736974696f6e7c733a34353a22e0b899e0b8b1e0b881e0b8a7e0b8b4e0b88ae0b8b2e0b881e0b8b2e0b8a3e0b8a8e0b8b6e0b881e0b8b2e0b8b2223b757365725f67656e6465727c733a313a2231223b757365725f6465706172746d656e747c733a37353a22e0b8a1e0b8abe0b8b2e0b8a7e0b8b4e0b897e0b8a2e0b8b2e0b8a5e0b8b1e0b8a2e0b8a3e0b8b2e0b88ae0b8a0e0b8b1e0b88ee0b8ade0b8b8e0b894e0b8a3e0b898e0b8b2e0b899e0b8b5223b757365725f7374617475737c733a313a2230223b757365725f616464726573737c733a3132333a2232333420e0b884e0b893e0b8b0e0b8a7e0b8b4e0b897e0b8a2e0b8b2e0b8a8e0b8b2e0b8aae0b895e0b8a3e0b98c0d0ae0b8a1e0b8abe0b8b2e0b8a7e0b8b4e0b897e0b8a2e0b8b2e0b8a5e0b8b1e0b8a2e0b8a3e0b8b2e0b88ae0b8a0e0b8b1e0b88fe0b8ade0b8b8e0b894e0b8a3e0b898e0b8b2e0b899e0b8b5223b757365725f74656c6570686f6e657c733a313a222d223b757365725f6d6f62696c657c733a31303a2230383135323031323334223b757365725f67726f75707c733a313a2233223b),
('8175d4d5e828fa7e3d8e52225bbe35886cb199a5', '10.1.142.59', 1551941998, 0x5f5f63695f6c6173745f726567656e65726174657c693a313535313934313833303b757365725f69647c733a313a2233223b757365725f656d61696c7c733a31343a227465737440676d61696c2e636f6d223b757365725f7072656669786e616d657c733a303a22223b757365725f6e616d657c733a373a22686f6d73616e67223b757365725f6c6173746e616d657c733a343a2274657374223b757365725f706f736974696f6e7c733a303a22223b757365725f67656e6465727c733a313a2231223b757365725f6465706172746d656e747c733a343a2274657374223b757365725f7374617475737c733a313a2230223b757365725f616464726573737c733a343a2274657374223b757365725f74656c6570686f6e657c733a303a22223b757365725f6d6f62696c657c733a343a2231313131223b757365725f67726f75707c733a313a2232223b),
('81772c57aeed95fce697eeac39debdbd6ca312ff', '::1', 1552988370, 0x5f5f63695f6c6173745f726567656e65726174657c693a313535323938383333303b757365725f69647c733a313a2232223b757365725f656d61696c7c733a31353a2261646d696e406c6f63616c2e636f6d223b757365725f7072656669786e616d657c733a393a22e0b899e0b8b2e0b8a2223b757365725f6e616d657c733a32363a22e0b984e0b88ae0b8a2e0b8a7e0b8b1e0b892e0b8992020202020223b757365725f6c6173746e616d657c733a31383a22e0b8abe0b8ade0b8a1e0b981e0b8aae0b887223b757365725f706f736974696f6e7c733a34353a22e0b899e0b8b1e0b881e0b8a7e0b8b4e0b88ae0b8b2e0b881e0b8b2e0b8a3e0b8a8e0b8b6e0b881e0b8b2e0b8b2223b757365725f67656e6465727c733a313a2231223b757365725f6465706172746d656e747c733a37353a22e0b8a1e0b8abe0b8b2e0b8a7e0b8b4e0b897e0b8a2e0b8b2e0b8a5e0b8b1e0b8a2e0b8a3e0b8b2e0b88ae0b8a0e0b8b1e0b88ee0b8ade0b8b8e0b894e0b8a3e0b898e0b8b2e0b899e0b8b5223b757365725f7374617475737c733a313a2230223b757365725f616464726573737c733a3132333a2232333420e0b884e0b893e0b8b0e0b8a7e0b8b4e0b897e0b8a2e0b8b2e0b8a8e0b8b2e0b8aae0b895e0b8a3e0b98c0d0ae0b8a1e0b8abe0b8b2e0b8a7e0b8b4e0b897e0b8a2e0b8b2e0b8a5e0b8b1e0b8a2e0b8a3e0b8b2e0b88ae0b8a0e0b8b1e0b88fe0b8ade0b8b8e0b894e0b8a3e0b898e0b8b2e0b899e0b8b5223b757365725f74656c6570686f6e657c733a313a222d223b757365725f6d6f62696c657c733a31303a2230383135323031323334223b757365725f67726f75707c733a313a2233223b),
('81fc712ca50ca01a38274129eeac5014433d23e9', '10.1.142.59', 1552276915, 0x5f5f63695f6c6173745f726567656e65726174657c693a313535323237363638363b757365725f69647c733a313a2232223b757365725f656d61696c7c733a31353a2261646d696e406c6f63616c2e636f6d223b757365725f7072656669786e616d657c733a393a22e0b899e0b8b2e0b8a2223b757365725f6e616d657c733a32363a22e0b984e0b88ae0b8a2e0b8a7e0b8b1e0b892e0b8992020202020223b757365725f6c6173746e616d657c733a31383a22e0b8abe0b8ade0b8a1e0b981e0b8aae0b887223b757365725f706f736974696f6e7c733a34353a22e0b899e0b8b1e0b881e0b8a7e0b8b4e0b88ae0b8b2e0b881e0b8b2e0b8a3e0b8a8e0b8b6e0b881e0b8b2e0b8b2223b757365725f67656e6465727c733a313a2231223b757365725f6465706172746d656e747c733a37353a22e0b8a1e0b8abe0b8b2e0b8a7e0b8b4e0b897e0b8a2e0b8b2e0b8a5e0b8b1e0b8a2e0b8a3e0b8b2e0b88ae0b8a0e0b8b1e0b88ee0b8ade0b8b8e0b894e0b8a3e0b898e0b8b2e0b899e0b8b5223b757365725f7374617475737c733a313a2230223b757365725f616464726573737c733a3132333a2232333420e0b884e0b893e0b8b0e0b8a7e0b8b4e0b897e0b8a2e0b8b2e0b8a8e0b8b2e0b8aae0b895e0b8a3e0b98c0d0ae0b8a1e0b8abe0b8b2e0b8a7e0b8b4e0b897e0b8a2e0b8b2e0b8a5e0b8b1e0b8a2e0b8a3e0b8b2e0b88ae0b8a0e0b8b1e0b88fe0b8ade0b8b8e0b894e0b8a3e0b898e0b8b2e0b899e0b8b5223b757365725f74656c6570686f6e657c733a313a222d223b757365725f6d6f62696c657c733a31303a2230383135323031323334223b757365725f67726f75707c733a313a2233223b),
('837885d07079839e0d10540cf9803aa53abf074f', '10.1.142.59', 1553132109, 0x5f5f63695f6c6173745f726567656e65726174657c693a313535333133323130333b),
('88ee8c39fd6bea7320e0565932176462a8d063d7', '10.1.142.59', 1551852202, 0x5f5f63695f6c6173745f726567656e65726174657c693a313535313835313933303b757365725f69647c733a313a2232223b757365725f656d61696c7c733a31353a2261646d696e406c6f63616c2e636f6d223b757365725f7072656669786e616d657c733a393a22e0b899e0b8b2e0b8a2223b757365725f6e616d657c733a32343a22e0b984e0b88ae0b8a2e0b8a7e0b8b1e0b892e0b899e0b98c223b757365725f6c6173746e616d657c733a31383a22e0b8abe0b8ade0b8a1e0b981e0b8aae0b887223b757365725f706f736974696f6e7c733a34353a22e0b899e0b8b1e0b881e0b8a7e0b8b4e0b88ae0b8b2e0b881e0b8b2e0b8a3e0b8a8e0b8b6e0b881e0b8b2e0b8b2223b757365725f67656e6465727c733a313a2231223b757365725f6465706172746d656e747c733a37353a22e0b8a1e0b8abe0b8b2e0b8a7e0b8b4e0b897e0b8a2e0b8b2e0b8a5e0b8b1e0b8a2e0b8a3e0b8b2e0b88ae0b8a0e0b8b1e0b88ee0b8ade0b8b8e0b894e0b8a3e0b898e0b8b2e0b899e0b8b5223b757365725f7374617475737c733a313a2230223b757365725f616464726573737c733a37353a22e0b8a1e0b8abe0b8b2e0b8a7e0b8b4e0b897e0b8a2e0b8b2e0b8a5e0b8b1e0b8a2e0b8a3e0b8b2e0b88ae0b8a0e0b8b1e0b88fe0b8ade0b8b8e0b894e0b8a3e0b898e0b8b2e0b899e0b8b5223b757365725f74656c6570686f6e657c733a313a222d223b757365725f6d6f62696c657c733a31303a2230383135323031323334223b757365725f67726f75707c733a313a2233223b),
('89c2f01aa06b23a51e32389dcd638a0cdebc82c2', '10.1.142.59', 1552888620, 0x5f5f63695f6c6173745f726567656e65726174657c693a313535323838383333333b),
('8f0efc88c8b27688cb629ad63270d978107dd8b8', '10.1.142.59', 1552363859, 0x5f5f63695f6c6173745f726567656e65726174657c693a313535323336333633363b757365725f69647c733a313a2231223b757365725f656d61696c7c733a31323a22746540676d61696c2e636f6d223b757365725f7072656669786e616d657c733a303a22223b757365725f6e616d657c733a373a2263686169776174223b757365725f6c6173746e616d657c733a31383a22e0b8abe0b8ade0b8a1e0b981e0b8aae0b887223b757365725f706f736974696f6e7c733a34353a22e0b899e0b8b1e0b881e0b8a7e0b8b4e0b88ae0b8b2e0b881e0b8b2e0b8a3e0b8a8e0b8b6e0b881e0b8a9e0b8b2223b757365725f67656e6465727c733a313a2231223b757365725f6465706172746d656e747c733a33343a22e0b8a1e0b8a3e0b8a02ee0b8ade0b8b8e0b894e0b8a3e0b898e0b8b2e0b899e0b8b5223b757365725f7374617475737c733a313a2230223b757365725f616464726573737c733a33343a22e0b8a1e0b8a3e0b8a02ee0b8ade0b8b8e0b894e0b8a3e0b898e0b8b2e0b899e0b8b5223b757365725f74656c6570686f6e657c733a303a22223b757365725f6d6f62696c657c733a31303a2230383135393230343536223b757365725f67726f75707c733a313a2231223b),
('8f4498a5ab7cb3176703ec7836268f00aea91a49', '10.1.142.59', 1551852753, 0x5f5f63695f6c6173745f726567656e65726174657c693a313535313835323537373b757365725f69647c733a313a2231223b757365725f656d61696c7c733a31323a22746540676d61696c2e636f6d223b757365725f7072656669786e616d657c733a303a22223b757365725f6e616d657c733a373a2263686169776174223b757365725f6c6173746e616d657c733a31383a22e0b8abe0b8ade0b8a1e0b981e0b8aae0b887223b757365725f706f736974696f6e7c733a34353a22e0b899e0b8b1e0b881e0b8a7e0b8b4e0b88ae0b8b2e0b881e0b8b2e0b8a3e0b8a8e0b8b6e0b881e0b8a9e0b8b2223b757365725f67656e6465727c733a313a2231223b757365725f6465706172746d656e747c733a33343a22e0b8a1e0b8a3e0b8a02ee0b8ade0b8b8e0b894e0b8a3e0b898e0b8b2e0b899e0b8b5223b757365725f7374617475737c733a313a2230223b757365725f616464726573737c733a33343a22e0b8a1e0b8a3e0b8a02ee0b8ade0b8b8e0b894e0b8a3e0b898e0b8b2e0b899e0b8b5223b757365725f74656c6570686f6e657c733a303a22223b757365725f6d6f62696c657c733a31303a2230383135393230343536223b757365725f67726f75707c733a313a2231223b),
('906a27be6de4a5cf8f3fb5011983bc3ad333fea3', '10.1.142.59', 1552876824, 0x5f5f63695f6c6173745f726567656e65726174657c693a313535323837363832343b),
('919ac05b7af455b6b2a17a41d32ab11b39a229ad', '10.1.142.59', 1552032388, 0x5f5f63695f6c6173745f726567656e65726174657c693a313535323033303931333b757365725f69647c733a313a2232223b757365725f656d61696c7c733a31353a2261646d696e406c6f63616c2e636f6d223b757365725f7072656669786e616d657c733a393a22e0b899e0b8b2e0b8a2223b757365725f6e616d657c733a32363a22e0b984e0b88ae0b8a2e0b8a7e0b8b1e0b892e0b8992020202020223b757365725f6c6173746e616d657c733a31383a22e0b8abe0b8ade0b8a1e0b981e0b8aae0b887223b757365725f706f736974696f6e7c733a34353a22e0b899e0b8b1e0b881e0b8a7e0b8b4e0b88ae0b8b2e0b881e0b8b2e0b8a3e0b8a8e0b8b6e0b881e0b8b2e0b8b2223b757365725f67656e6465727c733a313a2231223b757365725f6465706172746d656e747c733a37353a22e0b8a1e0b8abe0b8b2e0b8a7e0b8b4e0b897e0b8a2e0b8b2e0b8a5e0b8b1e0b8a2e0b8a3e0b8b2e0b88ae0b8a0e0b8b1e0b88ee0b8ade0b8b8e0b894e0b8a3e0b898e0b8b2e0b899e0b8b5223b757365725f7374617475737c733a313a2230223b757365725f616464726573737c733a3132333a2232333420e0b884e0b893e0b8b0e0b8a7e0b8b4e0b897e0b8a2e0b8b2e0b8a8e0b8b2e0b8aae0b895e0b8a3e0b98c0d0ae0b8a1e0b8abe0b8b2e0b8a7e0b8b4e0b897e0b8a2e0b8b2e0b8a5e0b8b1e0b8a2e0b8a3e0b8b2e0b88ae0b8a0e0b8b1e0b88fe0b8ade0b8b8e0b894e0b8a3e0b898e0b8b2e0b899e0b8b5223b757365725f74656c6570686f6e657c733a313a222d223b757365725f6d6f62696c657c733a31303a2230383135323031323334223b757365725f67726f75707c733a313a2233223b),
('927f92d540da566e7a2526c384ae390ed57bfa87', '10.1.142.59', 1552893120, 0x5f5f63695f6c6173745f726567656e65726174657c693a313535323839323933313b),
('9403af421e0b8afc439a5f7b8af3ff05dc73f579', '10.1.142.59', 1552884990, 0x5f5f63695f6c6173745f726567656e65726174657c693a313535323838343738343b),
('94f316dc6bb9b7fb2a1feedc9debb9c93bc14dc2', '10.1.142.59', 1551931602, 0x5f5f63695f6c6173745f726567656e65726174657c693a313535313933313334373b757365725f69647c733a313a2232223b757365725f656d61696c7c733a31353a2261646d696e406c6f63616c2e636f6d223b757365725f7072656669786e616d657c733a393a22e0b899e0b8b2e0b8a2223b757365725f6e616d657c733a32363a22e0b984e0b88ae0b8a2e0b8a7e0b8b1e0b892e0b8992020202020223b757365725f6c6173746e616d657c733a31383a22e0b8abe0b8ade0b8a1e0b981e0b8aae0b887223b757365725f706f736974696f6e7c733a34353a22e0b899e0b8b1e0b881e0b8a7e0b8b4e0b88ae0b8b2e0b881e0b8b2e0b8a3e0b8a8e0b8b6e0b881e0b8b2e0b8b2223b757365725f67656e6465727c733a313a2231223b757365725f6465706172746d656e747c733a37353a22e0b8a1e0b8abe0b8b2e0b8a7e0b8b4e0b897e0b8a2e0b8b2e0b8a5e0b8b1e0b8a2e0b8a3e0b8b2e0b88ae0b8a0e0b8b1e0b88ee0b8ade0b8b8e0b894e0b8a3e0b898e0b8b2e0b899e0b8b5223b757365725f7374617475737c733a313a2230223b757365725f616464726573737c733a3132333a2232333420e0b884e0b893e0b8b0e0b8a7e0b8b4e0b897e0b8a2e0b8b2e0b8a8e0b8b2e0b8aae0b895e0b8a3e0b98c0d0ae0b8a1e0b8abe0b8b2e0b8a7e0b8b4e0b897e0b8a2e0b8b2e0b8a5e0b8b1e0b8a2e0b8a3e0b8b2e0b88ae0b8a0e0b8b1e0b88fe0b8ade0b8b8e0b894e0b8a3e0b898e0b8b2e0b899e0b8b5223b757365725f74656c6570686f6e657c733a313a222d223b757365725f6d6f62696c657c733a31303a2230383135323031323334223b757365725f67726f75707c733a313a2233223b),
('9966e6126b68edf6786a122479a1d613429af9b2', '10.1.142.59', 1552276128, 0x5f5f63695f6c6173745f726567656e65726174657c693a313535323237363033343b757365725f69647c733a313a2232223b757365725f656d61696c7c733a31353a2261646d696e406c6f63616c2e636f6d223b757365725f7072656669786e616d657c733a393a22e0b899e0b8b2e0b8a2223b757365725f6e616d657c733a32363a22e0b984e0b88ae0b8a2e0b8a7e0b8b1e0b892e0b8992020202020223b757365725f6c6173746e616d657c733a31383a22e0b8abe0b8ade0b8a1e0b981e0b8aae0b887223b757365725f706f736974696f6e7c733a34353a22e0b899e0b8b1e0b881e0b8a7e0b8b4e0b88ae0b8b2e0b881e0b8b2e0b8a3e0b8a8e0b8b6e0b881e0b8b2e0b8b2223b757365725f67656e6465727c733a313a2231223b757365725f6465706172746d656e747c733a37353a22e0b8a1e0b8abe0b8b2e0b8a7e0b8b4e0b897e0b8a2e0b8b2e0b8a5e0b8b1e0b8a2e0b8a3e0b8b2e0b88ae0b8a0e0b8b1e0b88ee0b8ade0b8b8e0b894e0b8a3e0b898e0b8b2e0b899e0b8b5223b757365725f7374617475737c733a313a2230223b757365725f616464726573737c733a3132333a2232333420e0b884e0b893e0b8b0e0b8a7e0b8b4e0b897e0b8a2e0b8b2e0b8a8e0b8b2e0b8aae0b895e0b8a3e0b98c0d0ae0b8a1e0b8abe0b8b2e0b8a7e0b8b4e0b897e0b8a2e0b8b2e0b8a5e0b8b1e0b8a2e0b8a3e0b8b2e0b88ae0b8a0e0b8b1e0b88fe0b8ade0b8b8e0b894e0b8a3e0b898e0b8b2e0b899e0b8b5223b757365725f74656c6570686f6e657c733a313a222d223b757365725f6d6f62696c657c733a31303a2230383135323031323334223b757365725f67726f75707c733a313a2233223b),
('9c51ab9da3e1c98a4910743480a267e4bbab9501', '10.1.142.59', 1552894982, 0x5f5f63695f6c6173745f726567656e65726174657c693a313535323839343637393b),
('9cb232cd5647d4d1891b7b6e44f5809fcdac47b1', '10.1.142.59', 1552024947, 0x5f5f63695f6c6173745f726567656e65726174657c693a313535323032343934373b),
('a05cc92a257a2e346fcd378e67ed9585b3a8ba05', '10.1.142.59', 1551934280, 0x5f5f63695f6c6173745f726567656e65726174657c693a313535313933343038373b757365725f69647c733a313a2232223b757365725f656d61696c7c733a31353a2261646d696e406c6f63616c2e636f6d223b757365725f7072656669786e616d657c733a393a22e0b899e0b8b2e0b8a2223b757365725f6e616d657c733a32363a22e0b984e0b88ae0b8a2e0b8a7e0b8b1e0b892e0b8992020202020223b757365725f6c6173746e616d657c733a31383a22e0b8abe0b8ade0b8a1e0b981e0b8aae0b887223b757365725f706f736974696f6e7c733a34353a22e0b899e0b8b1e0b881e0b8a7e0b8b4e0b88ae0b8b2e0b881e0b8b2e0b8a3e0b8a8e0b8b6e0b881e0b8b2e0b8b2223b757365725f67656e6465727c733a313a2231223b757365725f6465706172746d656e747c733a37353a22e0b8a1e0b8abe0b8b2e0b8a7e0b8b4e0b897e0b8a2e0b8b2e0b8a5e0b8b1e0b8a2e0b8a3e0b8b2e0b88ae0b8a0e0b8b1e0b88ee0b8ade0b8b8e0b894e0b8a3e0b898e0b8b2e0b899e0b8b5223b757365725f7374617475737c733a313a2230223b757365725f616464726573737c733a3132333a2232333420e0b884e0b893e0b8b0e0b8a7e0b8b4e0b897e0b8a2e0b8b2e0b8a8e0b8b2e0b8aae0b895e0b8a3e0b98c0d0ae0b8a1e0b8abe0b8b2e0b8a7e0b8b4e0b897e0b8a2e0b8b2e0b8a5e0b8b1e0b8a2e0b8a3e0b8b2e0b88ae0b8a0e0b8b1e0b88fe0b8ade0b8b8e0b894e0b8a3e0b898e0b8b2e0b899e0b8b5223b757365725f74656c6570686f6e657c733a313a222d223b757365725f6d6f62696c657c733a31303a2230383135323031323334223b757365725f67726f75707c733a313a2233223b),
('a11f1828fc02d82cf21f65a4a606397d840ee7bc', '10.1.142.59', 1552273731, 0x5f5f63695f6c6173745f726567656e65726174657c693a313535323237333536353b757365725f69647c733a313a2232223b757365725f656d61696c7c733a31353a2261646d696e406c6f63616c2e636f6d223b757365725f7072656669786e616d657c733a393a22e0b899e0b8b2e0b8a2223b757365725f6e616d657c733a32363a22e0b984e0b88ae0b8a2e0b8a7e0b8b1e0b892e0b8992020202020223b757365725f6c6173746e616d657c733a31383a22e0b8abe0b8ade0b8a1e0b981e0b8aae0b887223b757365725f706f736974696f6e7c733a34353a22e0b899e0b8b1e0b881e0b8a7e0b8b4e0b88ae0b8b2e0b881e0b8b2e0b8a3e0b8a8e0b8b6e0b881e0b8b2e0b8b2223b757365725f67656e6465727c733a313a2231223b757365725f6465706172746d656e747c733a37353a22e0b8a1e0b8abe0b8b2e0b8a7e0b8b4e0b897e0b8a2e0b8b2e0b8a5e0b8b1e0b8a2e0b8a3e0b8b2e0b88ae0b8a0e0b8b1e0b88ee0b8ade0b8b8e0b894e0b8a3e0b898e0b8b2e0b899e0b8b5223b757365725f7374617475737c733a313a2230223b757365725f616464726573737c733a3132333a2232333420e0b884e0b893e0b8b0e0b8a7e0b8b4e0b897e0b8a2e0b8b2e0b8a8e0b8b2e0b8aae0b895e0b8a3e0b98c0d0ae0b8a1e0b8abe0b8b2e0b8a7e0b8b4e0b897e0b8a2e0b8b2e0b8a5e0b8b1e0b8a2e0b8a3e0b8b2e0b88ae0b8a0e0b8b1e0b88fe0b8ade0b8b8e0b894e0b8a3e0b898e0b8b2e0b899e0b8b5223b757365725f74656c6570686f6e657c733a313a222d223b757365725f6d6f62696c657c733a31303a2230383135323031323334223b757365725f67726f75707c733a313a2233223b),
('a3f2a56939238f444ff03b8e1493c6c1bf882eb7', '10.1.142.59', 1551851195, 0x5f5f63695f6c6173745f726567656e65726174657c693a313535313835303931363b757365725f69647c733a313a2232223b757365725f656d61696c7c733a31353a2261646d696e406c6f63616c2e636f6d223b757365725f7072656669786e616d657c733a393a22e0b899e0b8b2e0b8a2223b757365725f6e616d657c733a32343a22e0b984e0b88ae0b8a2e0b8a7e0b8b1e0b892e0b899e0b98c223b757365725f6c6173746e616d657c733a31383a22e0b8abe0b8ade0b8a1e0b981e0b8aae0b887223b757365725f706f736974696f6e7c733a34353a22e0b899e0b8b1e0b881e0b8a7e0b8b4e0b88ae0b8b2e0b881e0b8b2e0b8a3e0b8a8e0b8b6e0b881e0b8b2e0b8b2223b757365725f67656e6465727c733a313a2231223b757365725f6465706172746d656e747c733a37353a22e0b8a1e0b8abe0b8b2e0b8a7e0b8b4e0b897e0b8a2e0b8b2e0b8a5e0b8b1e0b8a2e0b8a3e0b8b2e0b88ae0b8a0e0b8b1e0b88ee0b8ade0b8b8e0b894e0b8a3e0b898e0b8b2e0b899e0b8b5223b757365725f7374617475737c733a313a2230223b757365725f616464726573737c733a37353a22e0b8a1e0b8abe0b8b2e0b8a7e0b8b4e0b897e0b8a2e0b8b2e0b8a5e0b8b1e0b8a2e0b8a3e0b8b2e0b88ae0b8a0e0b8b1e0b88fe0b8ade0b8b8e0b894e0b8a3e0b898e0b8b2e0b899e0b8b5223b757365725f74656c6570686f6e657c733a313a222d223b757365725f6d6f62696c657c733a31303a2230383135323031323334223b757365725f67726f75707c733a313a2233223b),
('a8cfccb9fc73e1ea209567df3c268a36c5c55aaf', '10.1.142.59', 1553142800, 0x5f5f63695f6c6173745f726567656e65726174657c693a313535333134323736323b757365725f69647c733a313a2232223b757365725f656d61696c7c733a31353a2261646d696e406c6f63616c2e636f6d223b757365725f7072656669786e616d657c733a393a22e0b899e0b8b2e0b8a2223b757365725f6e616d657c733a32363a22e0b984e0b88ae0b8a2e0b8a7e0b8b1e0b892e0b8992020202020223b757365725f6c6173746e616d657c733a31383a22e0b8abe0b8ade0b8a1e0b981e0b8aae0b887223b757365725f706f736974696f6e7c733a34353a22e0b899e0b8b1e0b881e0b8a7e0b8b4e0b88ae0b8b2e0b881e0b8b2e0b8a3e0b8a8e0b8b6e0b881e0b8b2e0b8b2223b757365725f67656e6465727c733a313a2231223b757365725f6465706172746d656e747c733a37353a22e0b8a1e0b8abe0b8b2e0b8a7e0b8b4e0b897e0b8a2e0b8b2e0b8a5e0b8b1e0b8a2e0b8a3e0b8b2e0b88ae0b8a0e0b8b1e0b88ee0b8ade0b8b8e0b894e0b8a3e0b898e0b8b2e0b899e0b8b5223b757365725f7374617475737c733a313a2230223b757365725f616464726573737c733a3132333a2232333420e0b884e0b893e0b8b0e0b8a7e0b8b4e0b897e0b8a2e0b8b2e0b8a8e0b8b2e0b8aae0b895e0b8a3e0b98c0d0ae0b8a1e0b8abe0b8b2e0b8a7e0b8b4e0b897e0b8a2e0b8b2e0b8a5e0b8b1e0b8a2e0b8a3e0b8b2e0b88ae0b8a0e0b8b1e0b88fe0b8ade0b8b8e0b894e0b8a3e0b898e0b8b2e0b899e0b8b5223b757365725f74656c6570686f6e657c733a313a222d223b757365725f6d6f62696c657c733a31303a2230383135323031323334223b757365725f67726f75707c733a313a2233223b),
('b39a74fad970fcf578af235a278f6eb340726897', '10.1.142.59', 1551941811, 0x5f5f63695f6c6173745f726567656e65726174657c693a313535313934313531313b757365725f69647c733a313a2233223b757365725f656d61696c7c733a31343a227465737440676d61696c2e636f6d223b757365725f7072656669786e616d657c733a303a22223b757365725f6e616d657c733a373a22686f6d73616e67223b757365725f6c6173746e616d657c733a343a2274657374223b757365725f706f736974696f6e7c733a303a22223b757365725f67656e6465727c733a313a2231223b757365725f6465706172746d656e747c733a343a2274657374223b757365725f7374617475737c733a313a2230223b757365725f616464726573737c733a343a2274657374223b757365725f74656c6570686f6e657c733a303a22223b757365725f6d6f62696c657c733a343a2231313131223b757365725f67726f75707c733a313a2232223b),
('b7ee4528cbd6b36f654a53c49088194351c198e3', '10.1.142.59', 1552891261, 0x5f5f63695f6c6173745f726567656e65726174657c693a313535323839313135393b),
('b8e8e2c27a29dae44e31d546dc2385b7ae7e4e18', '10.1.142.59', 1552886854, 0x5f5f63695f6c6173745f726567656e65726174657c693a313535323838363535343b),
('b93ca873a587641ebcb39fb5bc82ac6a989ee1ec', '10.1.142.59', 1553060367, 0x5f5f63695f6c6173745f726567656e65726174657c693a313535333036303135353b757365725f69647c733a313a2232223b757365725f656d61696c7c733a31353a2261646d696e406c6f63616c2e636f6d223b757365725f7072656669786e616d657c733a393a22e0b899e0b8b2e0b8a2223b757365725f6e616d657c733a32363a22e0b984e0b88ae0b8a2e0b8a7e0b8b1e0b892e0b8992020202020223b757365725f6c6173746e616d657c733a31383a22e0b8abe0b8ade0b8a1e0b981e0b8aae0b887223b757365725f706f736974696f6e7c733a34353a22e0b899e0b8b1e0b881e0b8a7e0b8b4e0b88ae0b8b2e0b881e0b8b2e0b8a3e0b8a8e0b8b6e0b881e0b8b2e0b8b2223b757365725f67656e6465727c733a313a2231223b757365725f6465706172746d656e747c733a37353a22e0b8a1e0b8abe0b8b2e0b8a7e0b8b4e0b897e0b8a2e0b8b2e0b8a5e0b8b1e0b8a2e0b8a3e0b8b2e0b88ae0b8a0e0b8b1e0b88ee0b8ade0b8b8e0b894e0b8a3e0b898e0b8b2e0b899e0b8b5223b757365725f7374617475737c733a313a2230223b757365725f616464726573737c733a3132333a2232333420e0b884e0b893e0b8b0e0b8a7e0b8b4e0b897e0b8a2e0b8b2e0b8a8e0b8b2e0b8aae0b895e0b8a3e0b98c0d0ae0b8a1e0b8abe0b8b2e0b8a7e0b8b4e0b897e0b8a2e0b8b2e0b8a5e0b8b1e0b8a2e0b8a3e0b8b2e0b88ae0b8a0e0b8b1e0b88fe0b8ade0b8b8e0b894e0b8a3e0b898e0b8b2e0b899e0b8b5223b757365725f74656c6570686f6e657c733a313a222d223b757365725f6d6f62696c657c733a31303a2230383135323031323334223b757365725f67726f75707c733a313a2233223b),
('b9583e16cc73ba70478583452b3a69e7e2627187', '::1', 1552986440, 0x5f5f63695f6c6173745f726567656e65726174657c693a313535323938363239333b),
('ba5f11ef5b5ff17ebafcaba253536c477faaf9d4', '10.1.142.59', 1552378415, 0x5f5f63695f6c6173745f726567656e65726174657c693a313535323337383430353b757365725f69647c733a313a2232223b757365725f656d61696c7c733a31353a2261646d696e406c6f63616c2e636f6d223b757365725f7072656669786e616d657c733a393a22e0b899e0b8b2e0b8a2223b757365725f6e616d657c733a32363a22e0b984e0b88ae0b8a2e0b8a7e0b8b1e0b892e0b8992020202020223b757365725f6c6173746e616d657c733a31383a22e0b8abe0b8ade0b8a1e0b981e0b8aae0b887223b757365725f706f736974696f6e7c733a34353a22e0b899e0b8b1e0b881e0b8a7e0b8b4e0b88ae0b8b2e0b881e0b8b2e0b8a3e0b8a8e0b8b6e0b881e0b8b2e0b8b2223b757365725f67656e6465727c733a313a2231223b757365725f6465706172746d656e747c733a37353a22e0b8a1e0b8abe0b8b2e0b8a7e0b8b4e0b897e0b8a2e0b8b2e0b8a5e0b8b1e0b8a2e0b8a3e0b8b2e0b88ae0b8a0e0b8b1e0b88ee0b8ade0b8b8e0b894e0b8a3e0b898e0b8b2e0b899e0b8b5223b757365725f7374617475737c733a313a2230223b757365725f616464726573737c733a3132333a2232333420e0b884e0b893e0b8b0e0b8a7e0b8b4e0b897e0b8a2e0b8b2e0b8a8e0b8b2e0b8aae0b895e0b8a3e0b98c0d0ae0b8a1e0b8abe0b8b2e0b8a7e0b8b4e0b897e0b8a2e0b8b2e0b8a5e0b8b1e0b8a2e0b8a3e0b8b2e0b88ae0b8a0e0b8b1e0b88fe0b8ade0b8b8e0b894e0b8a3e0b898e0b8b2e0b899e0b8b5223b757365725f74656c6570686f6e657c733a313a222d223b757365725f6d6f62696c657c733a31303a2230383135323031323334223b757365725f67726f75707c733a313a2233223b),
('bb6d3cbc99b636708f1699da9ed688eb0f1d2af6', '10.1.142.59', 1552364428, 0x5f5f63695f6c6173745f726567656e65726174657c693a313535323336343238373b757365725f69647c733a313a2231223b757365725f656d61696c7c733a31323a22746540676d61696c2e636f6d223b757365725f7072656669786e616d657c733a303a22223b757365725f6e616d657c733a373a2263686169776174223b757365725f6c6173746e616d657c733a31383a22e0b8abe0b8ade0b8a1e0b981e0b8aae0b887223b757365725f706f736974696f6e7c733a34353a22e0b899e0b8b1e0b881e0b8a7e0b8b4e0b88ae0b8b2e0b881e0b8b2e0b8a3e0b8a8e0b8b6e0b881e0b8a9e0b8b2223b757365725f67656e6465727c733a313a2231223b757365725f6465706172746d656e747c733a33343a22e0b8a1e0b8a3e0b8a02ee0b8ade0b8b8e0b894e0b8a3e0b898e0b8b2e0b899e0b8b5223b757365725f7374617475737c733a313a2230223b757365725f616464726573737c733a33343a22e0b8a1e0b8a3e0b8a02ee0b8ade0b8b8e0b894e0b8a3e0b898e0b8b2e0b899e0b8b5223b757365725f74656c6570686f6e657c733a303a22223b757365725f6d6f62696c657c733a31303a2230383135393230343536223b757365725f67726f75707c733a313a2231223b),
('bb99d53a4cd2c3d737af9c255506251114bef424', '10.1.142.59', 1551933731, 0x5f5f63695f6c6173745f726567656e65726174657c693a313535313933333436343b757365725f69647c733a313a2232223b757365725f656d61696c7c733a31353a2261646d696e406c6f63616c2e636f6d223b757365725f7072656669786e616d657c733a393a22e0b899e0b8b2e0b8a2223b757365725f6e616d657c733a32363a22e0b984e0b88ae0b8a2e0b8a7e0b8b1e0b892e0b8992020202020223b757365725f6c6173746e616d657c733a31383a22e0b8abe0b8ade0b8a1e0b981e0b8aae0b887223b757365725f706f736974696f6e7c733a34353a22e0b899e0b8b1e0b881e0b8a7e0b8b4e0b88ae0b8b2e0b881e0b8b2e0b8a3e0b8a8e0b8b6e0b881e0b8b2e0b8b2223b757365725f67656e6465727c733a313a2231223b757365725f6465706172746d656e747c733a37353a22e0b8a1e0b8abe0b8b2e0b8a7e0b8b4e0b897e0b8a2e0b8b2e0b8a5e0b8b1e0b8a2e0b8a3e0b8b2e0b88ae0b8a0e0b8b1e0b88ee0b8ade0b8b8e0b894e0b8a3e0b898e0b8b2e0b899e0b8b5223b757365725f7374617475737c733a313a2230223b757365725f616464726573737c733a3132333a2232333420e0b884e0b893e0b8b0e0b8a7e0b8b4e0b897e0b8a2e0b8b2e0b8a8e0b8b2e0b8aae0b895e0b8a3e0b98c0d0ae0b8a1e0b8abe0b8b2e0b8a7e0b8b4e0b897e0b8a2e0b8b2e0b8a5e0b8b1e0b8a2e0b8a3e0b8b2e0b88ae0b8a0e0b8b1e0b88fe0b8ade0b8b8e0b894e0b8a3e0b898e0b8b2e0b899e0b8b5223b757365725f74656c6570686f6e657c733a313a222d223b757365725f6d6f62696c657c733a31303a2230383135323031323334223b757365725f67726f75707c733a313a2233223b),
('bd16a283e3a75e24e1d68415d6e2727936c418fe', '10.1.142.59', 1552281005, 0x5f5f63695f6c6173745f726567656e65726174657c693a313535323238303731393b757365725f69647c733a313a2233223b757365725f656d61696c7c733a31343a227465737440676d61696c2e636f6d223b757365725f7072656669786e616d657c733a303a22223b757365725f6e616d657c733a373a22686f6d73616e67223b757365725f6c6173746e616d657c733a343a2274657374223b757365725f706f736974696f6e7c733a303a22223b757365725f67656e6465727c733a313a2231223b757365725f6465706172746d656e747c733a343a2274657374223b757365725f7374617475737c733a313a2230223b757365725f616464726573737c733a343a2274657374223b757365725f74656c6570686f6e657c733a303a22223b757365725f6d6f62696c657c733a343a2231313131223b757365725f67726f75707c733a313a2232223b),
('bd3e7bed3b2d03c8c88ccc95c7554a08eca7874c', '10.1.142.59', 1552273258, 0x5f5f63695f6c6173745f726567656e65726174657c693a313535323237333033373b757365725f69647c733a313a2232223b757365725f656d61696c7c733a31353a2261646d696e406c6f63616c2e636f6d223b757365725f7072656669786e616d657c733a393a22e0b899e0b8b2e0b8a2223b757365725f6e616d657c733a32363a22e0b984e0b88ae0b8a2e0b8a7e0b8b1e0b892e0b8992020202020223b757365725f6c6173746e616d657c733a31383a22e0b8abe0b8ade0b8a1e0b981e0b8aae0b887223b757365725f706f736974696f6e7c733a34353a22e0b899e0b8b1e0b881e0b8a7e0b8b4e0b88ae0b8b2e0b881e0b8b2e0b8a3e0b8a8e0b8b6e0b881e0b8b2e0b8b2223b757365725f67656e6465727c733a313a2231223b757365725f6465706172746d656e747c733a37353a22e0b8a1e0b8abe0b8b2e0b8a7e0b8b4e0b897e0b8a2e0b8b2e0b8a5e0b8b1e0b8a2e0b8a3e0b8b2e0b88ae0b8a0e0b8b1e0b88ee0b8ade0b8b8e0b894e0b8a3e0b898e0b8b2e0b899e0b8b5223b757365725f7374617475737c733a313a2230223b757365725f616464726573737c733a3132333a2232333420e0b884e0b893e0b8b0e0b8a7e0b8b4e0b897e0b8a2e0b8b2e0b8a8e0b8b2e0b8aae0b895e0b8a3e0b98c0d0ae0b8a1e0b8abe0b8b2e0b8a7e0b8b4e0b897e0b8a2e0b8b2e0b8a5e0b8b1e0b8a2e0b8a3e0b8b2e0b88ae0b8a0e0b8b1e0b88fe0b8ade0b8b8e0b894e0b8a3e0b898e0b8b2e0b899e0b8b5223b757365725f74656c6570686f6e657c733a313a222d223b757365725f6d6f62696c657c733a31303a2230383135323031323334223b757365725f67726f75707c733a313a2233223b),
('bfeb160d8dc341bb937d178e8fcde24e39ee0a26', '10.1.142.59', 1552896752, 0x5f5f63695f6c6173745f726567656e65726174657c693a313535323839363732333b),
('c0374fc29a67f3301f9dc3452519c92a43942f11', '10.1.142.59', 1552029447, 0x5f5f63695f6c6173745f726567656e65726174657c693a313535323032393434373b),
('c4db6a0b40aba5b9af2dd918b492214dc5520b7c', '10.1.142.59', 1552895257, 0x5f5f63695f6c6173745f726567656e65726174657c693a313535323839343939393b),
('c58f4c7c15e5ff0484bd4e6a0dfef4c818d978a2', '10.1.142.59', 1552895836, 0x5f5f63695f6c6173745f726567656e65726174657c693a313535323839353638383b),
('c68c3a62f95caea7992cff028d21cab91879c751', '10.1.142.59', 1552277566, 0x5f5f63695f6c6173745f726567656e65726174657c693a313535323237373531353b757365725f69647c733a313a2232223b757365725f656d61696c7c733a31353a2261646d696e406c6f63616c2e636f6d223b757365725f7072656669786e616d657c733a393a22e0b899e0b8b2e0b8a2223b757365725f6e616d657c733a32363a22e0b984e0b88ae0b8a2e0b8a7e0b8b1e0b892e0b8992020202020223b757365725f6c6173746e616d657c733a31383a22e0b8abe0b8ade0b8a1e0b981e0b8aae0b887223b757365725f706f736974696f6e7c733a34353a22e0b899e0b8b1e0b881e0b8a7e0b8b4e0b88ae0b8b2e0b881e0b8b2e0b8a3e0b8a8e0b8b6e0b881e0b8b2e0b8b2223b757365725f67656e6465727c733a313a2231223b757365725f6465706172746d656e747c733a37353a22e0b8a1e0b8abe0b8b2e0b8a7e0b8b4e0b897e0b8a2e0b8b2e0b8a5e0b8b1e0b8a2e0b8a3e0b8b2e0b88ae0b8a0e0b8b1e0b88ee0b8ade0b8b8e0b894e0b8a3e0b898e0b8b2e0b899e0b8b5223b757365725f7374617475737c733a313a2230223b757365725f616464726573737c733a3132333a2232333420e0b884e0b893e0b8b0e0b8a7e0b8b4e0b897e0b8a2e0b8b2e0b8a8e0b8b2e0b8aae0b895e0b8a3e0b98c0d0ae0b8a1e0b8abe0b8b2e0b8a7e0b8b4e0b897e0b8a2e0b8b2e0b8a5e0b8b1e0b8a2e0b8a3e0b8b2e0b88ae0b8a0e0b8b1e0b88fe0b8ade0b8b8e0b894e0b8a3e0b898e0b8b2e0b899e0b8b5223b757365725f74656c6570686f6e657c733a313a222d223b757365725f6d6f62696c657c733a31303a2230383135323031323334223b757365725f67726f75707c733a313a2233223b),
('c7476e8cf86b6ad877b31c97f19d838c43dd6b9a', '10.1.142.59', 1553055457, 0x5f5f63695f6c6173745f726567656e65726174657c693a313535333035353435373b),
('c938bb8919adb0801c2e45c97e2a2fe008eb79c3', '10.1.142.59', 1553058276, 0x5f5f63695f6c6173745f726567656e65726174657c693a313535333035383233323b),
('cb25f7c5f4fece98a536d4c7f180474be7c311fd', '10.1.142.59', 1552892440, 0x5f5f63695f6c6173745f726567656e65726174657c693a313535323839323137333b),
('cc8e12a2cbba5598752bc04cf39f50ae92e26d37', '10.1.142.59', 1553056406, 0x5f5f63695f6c6173745f726567656e65726174657c693a313535333035363235373b),
('cdc572a307430b165a1c435531a380ba0cfad89e', '10.1.142.59', 1552892768, 0x5f5f63695f6c6173745f726567656e65726174657c693a313535323839323439343b),
('cef60ac46aeb63874930b8e62c3bf8832ce11586', '10.1.142.59', 1551855279, 0x5f5f63695f6c6173745f726567656e65726174657c693a313535313835353133383b),
('cfcb2b494b6e005d9fe32233f3ccdf98beb80f9b', '::1', 1552982880, 0x5f5f63695f6c6173745f726567656e65726174657c693a313535323938323834303b),
('d35f2620ef291bad2199a291bd207ee9570b9a37', '::1', 1552987544, 0x5f5f63695f6c6173745f726567656e65726174657c693a313535323938373336383b757365725f69647c733a313a2232223b757365725f656d61696c7c733a31353a2261646d696e406c6f63616c2e636f6d223b757365725f7072656669786e616d657c733a393a22e0b899e0b8b2e0b8a2223b757365725f6e616d657c733a32363a22e0b984e0b88ae0b8a2e0b8a7e0b8b1e0b892e0b8992020202020223b757365725f6c6173746e616d657c733a31383a22e0b8abe0b8ade0b8a1e0b981e0b8aae0b887223b757365725f706f736974696f6e7c733a34353a22e0b899e0b8b1e0b881e0b8a7e0b8b4e0b88ae0b8b2e0b881e0b8b2e0b8a3e0b8a8e0b8b6e0b881e0b8b2e0b8b2223b757365725f67656e6465727c733a313a2231223b757365725f6465706172746d656e747c733a37353a22e0b8a1e0b8abe0b8b2e0b8a7e0b8b4e0b897e0b8a2e0b8b2e0b8a5e0b8b1e0b8a2e0b8a3e0b8b2e0b88ae0b8a0e0b8b1e0b88ee0b8ade0b8b8e0b894e0b8a3e0b898e0b8b2e0b899e0b8b5223b757365725f7374617475737c733a313a2230223b757365725f616464726573737c733a3132333a2232333420e0b884e0b893e0b8b0e0b8a7e0b8b4e0b897e0b8a2e0b8b2e0b8a8e0b8b2e0b8aae0b895e0b8a3e0b98c0d0ae0b8a1e0b8abe0b8b2e0b8a7e0b8b4e0b897e0b8a2e0b8b2e0b8a5e0b8b1e0b8a2e0b8a3e0b8b2e0b88ae0b8a0e0b8b1e0b88fe0b8ade0b8b8e0b894e0b8a3e0b898e0b8b2e0b899e0b8b5223b757365725f74656c6570686f6e657c733a313a222d223b757365725f6d6f62696c657c733a31303a2230383135323031323334223b757365725f67726f75707c733a313a2233223b),
('d3a7b53c495997843f2aa6ebb74a1b95d5397317', '10.1.142.59', 1553140666, 0x5f5f63695f6c6173745f726567656e65726174657c693a313535333134303331343b757365725f69647c733a313a2232223b757365725f656d61696c7c733a31353a2261646d696e406c6f63616c2e636f6d223b757365725f7072656669786e616d657c733a393a22e0b899e0b8b2e0b8a2223b757365725f6e616d657c733a32363a22e0b984e0b88ae0b8a2e0b8a7e0b8b1e0b892e0b8992020202020223b757365725f6c6173746e616d657c733a31383a22e0b8abe0b8ade0b8a1e0b981e0b8aae0b887223b757365725f706f736974696f6e7c733a34353a22e0b899e0b8b1e0b881e0b8a7e0b8b4e0b88ae0b8b2e0b881e0b8b2e0b8a3e0b8a8e0b8b6e0b881e0b8b2e0b8b2223b757365725f67656e6465727c733a313a2231223b757365725f6465706172746d656e747c733a37353a22e0b8a1e0b8abe0b8b2e0b8a7e0b8b4e0b897e0b8a2e0b8b2e0b8a5e0b8b1e0b8a2e0b8a3e0b8b2e0b88ae0b8a0e0b8b1e0b88ee0b8ade0b8b8e0b894e0b8a3e0b898e0b8b2e0b899e0b8b5223b757365725f7374617475737c733a313a2230223b757365725f616464726573737c733a3132333a2232333420e0b884e0b893e0b8b0e0b8a7e0b8b4e0b897e0b8a2e0b8b2e0b8a8e0b8b2e0b8aae0b895e0b8a3e0b98c0d0ae0b8a1e0b8abe0b8b2e0b8a7e0b8b4e0b897e0b8a2e0b8b2e0b8a5e0b8b1e0b8a2e0b8a3e0b8b2e0b88ae0b8a0e0b8b1e0b88fe0b8ade0b8b8e0b894e0b8a3e0b898e0b8b2e0b899e0b8b5223b757365725f74656c6570686f6e657c733a313a222d223b757365725f6d6f62696c657c733a31303a2230383135323031323334223b757365725f67726f75707c733a313a2233223b);
INSERT INTO `ci_sessions` (`id`, `ip_address`, `timestamp`, `data`) VALUES
('d4716e43e883add23a7cb6ffa7df9dac857873d9', '10.1.142.59', 1552032392, 0x5f5f63695f6c6173745f726567656e65726174657c693a313535323033323339323b757365725f69647c733a313a2232223b757365725f656d61696c7c733a31353a2261646d696e406c6f63616c2e636f6d223b757365725f7072656669786e616d657c733a393a22e0b899e0b8b2e0b8a2223b757365725f6e616d657c733a32363a22e0b984e0b88ae0b8a2e0b8a7e0b8b1e0b892e0b8992020202020223b757365725f6c6173746e616d657c733a31383a22e0b8abe0b8ade0b8a1e0b981e0b8aae0b887223b757365725f706f736974696f6e7c733a34353a22e0b899e0b8b1e0b881e0b8a7e0b8b4e0b88ae0b8b2e0b881e0b8b2e0b8a3e0b8a8e0b8b6e0b881e0b8b2e0b8b2223b757365725f67656e6465727c733a313a2231223b757365725f6465706172746d656e747c733a37353a22e0b8a1e0b8abe0b8b2e0b8a7e0b8b4e0b897e0b8a2e0b8b2e0b8a5e0b8b1e0b8a2e0b8a3e0b8b2e0b88ae0b8a0e0b8b1e0b88ee0b8ade0b8b8e0b894e0b8a3e0b898e0b8b2e0b899e0b8b5223b757365725f7374617475737c733a313a2230223b757365725f616464726573737c733a3132333a2232333420e0b884e0b893e0b8b0e0b8a7e0b8b4e0b897e0b8a2e0b8b2e0b8a8e0b8b2e0b8aae0b895e0b8a3e0b98c0d0ae0b8a1e0b8abe0b8b2e0b8a7e0b8b4e0b897e0b8a2e0b8b2e0b8a5e0b8b1e0b8a2e0b8a3e0b8b2e0b88ae0b8a0e0b8b1e0b88fe0b8ade0b8b8e0b894e0b8a3e0b898e0b8b2e0b899e0b8b5223b757365725f74656c6570686f6e657c733a313a222d223b757365725f6d6f62696c657c733a31303a2230383135323031323334223b757365725f67726f75707c733a313a2233223b),
('d48e994391652beb873667419f6a4f7b707d23e6', '10.1.142.59', 1551941312, 0x5f5f63695f6c6173745f726567656e65726174657c693a313535313934313032303b757365725f69647c733a313a2232223b757365725f656d61696c7c733a31353a2261646d696e406c6f63616c2e636f6d223b757365725f7072656669786e616d657c733a393a22e0b899e0b8b2e0b8a2223b757365725f6e616d657c733a32363a22e0b984e0b88ae0b8a2e0b8a7e0b8b1e0b892e0b8992020202020223b757365725f6c6173746e616d657c733a31383a22e0b8abe0b8ade0b8a1e0b981e0b8aae0b887223b757365725f706f736974696f6e7c733a34353a22e0b899e0b8b1e0b881e0b8a7e0b8b4e0b88ae0b8b2e0b881e0b8b2e0b8a3e0b8a8e0b8b6e0b881e0b8b2e0b8b2223b757365725f67656e6465727c733a313a2231223b757365725f6465706172746d656e747c733a37353a22e0b8a1e0b8abe0b8b2e0b8a7e0b8b4e0b897e0b8a2e0b8b2e0b8a5e0b8b1e0b8a2e0b8a3e0b8b2e0b88ae0b8a0e0b8b1e0b88ee0b8ade0b8b8e0b894e0b8a3e0b898e0b8b2e0b899e0b8b5223b757365725f7374617475737c733a313a2230223b757365725f616464726573737c733a3132333a2232333420e0b884e0b893e0b8b0e0b8a7e0b8b4e0b897e0b8a2e0b8b2e0b8a8e0b8b2e0b8aae0b895e0b8a3e0b98c0d0ae0b8a1e0b8abe0b8b2e0b8a7e0b8b4e0b897e0b8a2e0b8b2e0b8a5e0b8b1e0b8a2e0b8a3e0b8b2e0b88ae0b8a0e0b8b1e0b88fe0b8ade0b8b8e0b894e0b8a3e0b898e0b8b2e0b899e0b8b5223b757365725f74656c6570686f6e657c733a313a222d223b757365725f6d6f62696c657c733a31303a2230383135323031323334223b757365725f67726f75707c733a313a2233223b),
('d501e7469a351f74ebd9c5786077b473d12c2a2f', '10.1.142.59', 1551854754, 0x5f5f63695f6c6173745f726567656e65726174657c693a313535313835343539383b),
('da3fabc967036b36ec8946e80b2cca624ce49b88', '10.1.142.59', 1553140808, 0x5f5f63695f6c6173745f726567656e65726174657c693a313535333134303636383b757365725f69647c733a313a2232223b757365725f656d61696c7c733a31353a2261646d696e406c6f63616c2e636f6d223b757365725f7072656669786e616d657c733a393a22e0b899e0b8b2e0b8a2223b757365725f6e616d657c733a32363a22e0b984e0b88ae0b8a2e0b8a7e0b8b1e0b892e0b8992020202020223b757365725f6c6173746e616d657c733a31383a22e0b8abe0b8ade0b8a1e0b981e0b8aae0b887223b757365725f706f736974696f6e7c733a34353a22e0b899e0b8b1e0b881e0b8a7e0b8b4e0b88ae0b8b2e0b881e0b8b2e0b8a3e0b8a8e0b8b6e0b881e0b8b2e0b8b2223b757365725f67656e6465727c733a313a2231223b757365725f6465706172746d656e747c733a37353a22e0b8a1e0b8abe0b8b2e0b8a7e0b8b4e0b897e0b8a2e0b8b2e0b8a5e0b8b1e0b8a2e0b8a3e0b8b2e0b88ae0b8a0e0b8b1e0b88ee0b8ade0b8b8e0b894e0b8a3e0b898e0b8b2e0b899e0b8b5223b757365725f7374617475737c733a313a2230223b757365725f616464726573737c733a3132333a2232333420e0b884e0b893e0b8b0e0b8a7e0b8b4e0b897e0b8a2e0b8b2e0b8a8e0b8b2e0b8aae0b895e0b8a3e0b98c0d0ae0b8a1e0b8abe0b8b2e0b8a7e0b8b4e0b897e0b8a2e0b8b2e0b8a5e0b8b1e0b8a2e0b8a3e0b8b2e0b88ae0b8a0e0b8b1e0b88fe0b8ade0b8b8e0b894e0b8a3e0b898e0b8b2e0b899e0b8b5223b757365725f74656c6570686f6e657c733a313a222d223b757365725f6d6f62696c657c733a31303a2230383135323031323334223b757365725f67726f75707c733a313a2233223b),
('db8b46b8950d0f24869b8e3cef1664c9fc0cb62f', '10.1.142.59', 1552363305, 0x5f5f63695f6c6173745f726567656e65726174657c693a313535323336333030363b757365725f69647c733a313a2231223b757365725f656d61696c7c733a31323a22746540676d61696c2e636f6d223b757365725f7072656669786e616d657c733a303a22223b757365725f6e616d657c733a373a2263686169776174223b757365725f6c6173746e616d657c733a31383a22e0b8abe0b8ade0b8a1e0b981e0b8aae0b887223b757365725f706f736974696f6e7c733a34353a22e0b899e0b8b1e0b881e0b8a7e0b8b4e0b88ae0b8b2e0b881e0b8b2e0b8a3e0b8a8e0b8b6e0b881e0b8a9e0b8b2223b757365725f67656e6465727c733a313a2231223b757365725f6465706172746d656e747c733a33343a22e0b8a1e0b8a3e0b8a02ee0b8ade0b8b8e0b894e0b8a3e0b898e0b8b2e0b899e0b8b5223b757365725f7374617475737c733a313a2230223b757365725f616464726573737c733a33343a22e0b8a1e0b8a3e0b8a02ee0b8ade0b8b8e0b894e0b8a3e0b898e0b8b2e0b899e0b8b5223b757365725f74656c6570686f6e657c733a303a22223b757365725f6d6f62696c657c733a31303a2230383135393230343536223b757365725f67726f75707c733a313a2231223b),
('de12215bcdec4f19121da81ef51de692d18eda4d', '10.1.142.59', 1551850828, 0x5f5f63695f6c6173745f726567656e65726174657c693a313535313835303631333b757365725f69647c733a313a2232223b757365725f656d61696c7c733a31353a2261646d696e406c6f63616c2e636f6d223b757365725f7072656669786e616d657c733a393a22e0b899e0b8b2e0b8a2223b757365725f6e616d657c733a32343a22e0b984e0b88ae0b8a2e0b8a7e0b8b1e0b892e0b899e0b98c223b757365725f6c6173746e616d657c733a31383a22e0b8abe0b8ade0b8a1e0b981e0b8aae0b887223b757365725f706f736974696f6e7c733a34353a22e0b899e0b8b1e0b881e0b8a7e0b8b4e0b88ae0b8b2e0b881e0b8b2e0b8a3e0b8a8e0b8b6e0b881e0b8b2e0b8b2223b757365725f67656e6465727c733a313a2231223b757365725f6465706172746d656e747c733a37353a22e0b8a1e0b8abe0b8b2e0b8a7e0b8b4e0b897e0b8a2e0b8b2e0b8a5e0b8b1e0b8a2e0b8a3e0b8b2e0b88ae0b8a0e0b8b1e0b88ee0b8ade0b8b8e0b894e0b8a3e0b898e0b8b2e0b899e0b8b5223b757365725f7374617475737c733a313a2230223b757365725f616464726573737c733a37353a22e0b8a1e0b8abe0b8b2e0b8a7e0b8b4e0b897e0b8a2e0b8b2e0b8a5e0b8b1e0b8a2e0b8a3e0b8b2e0b88ae0b8a0e0b8b1e0b88fe0b8ade0b8b8e0b894e0b8a3e0b898e0b8b2e0b899e0b8b5223b757365725f74656c6570686f6e657c733a313a222d223b757365725f6d6f62696c657c733a31303a2230383135323031323334223b757365725f67726f75707c733a313a2233223b),
('e15a2ec51f4987148955ee80d3645e198e382129', '10.1.142.59', 1552280299, 0x5f5f63695f6c6173745f726567656e65726174657c693a313535323238303239393b757365725f69647c733a313a2232223b757365725f656d61696c7c733a31353a2261646d696e406c6f63616c2e636f6d223b757365725f7072656669786e616d657c733a393a22e0b899e0b8b2e0b8a2223b757365725f6e616d657c733a32363a22e0b984e0b88ae0b8a2e0b8a7e0b8b1e0b892e0b8992020202020223b757365725f6c6173746e616d657c733a31383a22e0b8abe0b8ade0b8a1e0b981e0b8aae0b887223b757365725f706f736974696f6e7c733a34353a22e0b899e0b8b1e0b881e0b8a7e0b8b4e0b88ae0b8b2e0b881e0b8b2e0b8a3e0b8a8e0b8b6e0b881e0b8b2e0b8b2223b757365725f67656e6465727c733a313a2231223b757365725f6465706172746d656e747c733a37353a22e0b8a1e0b8abe0b8b2e0b8a7e0b8b4e0b897e0b8a2e0b8b2e0b8a5e0b8b1e0b8a2e0b8a3e0b8b2e0b88ae0b8a0e0b8b1e0b88ee0b8ade0b8b8e0b894e0b8a3e0b898e0b8b2e0b899e0b8b5223b757365725f7374617475737c733a313a2230223b757365725f616464726573737c733a3132333a2232333420e0b884e0b893e0b8b0e0b8a7e0b8b4e0b897e0b8a2e0b8b2e0b8a8e0b8b2e0b8aae0b895e0b8a3e0b98c0d0ae0b8a1e0b8abe0b8b2e0b8a7e0b8b4e0b897e0b8a2e0b8b2e0b8a5e0b8b1e0b8a2e0b8a3e0b8b2e0b88ae0b8a0e0b8b1e0b88fe0b8ade0b8b8e0b894e0b8a3e0b898e0b8b2e0b899e0b8b5223b757365725f74656c6570686f6e657c733a313a222d223b757365725f6d6f62696c657c733a31303a2230383135323031323334223b757365725f67726f75707c733a313a2233223b),
('e32180c9347031bdd761178bdd05b4f1cc19bfd9', '10.1.142.59', 1552275140, 0x5f5f63695f6c6173745f726567656e65726174657c693a313535323237353030383b757365725f69647c733a313a2232223b757365725f656d61696c7c733a31353a2261646d696e406c6f63616c2e636f6d223b757365725f7072656669786e616d657c733a393a22e0b899e0b8b2e0b8a2223b757365725f6e616d657c733a32363a22e0b984e0b88ae0b8a2e0b8a7e0b8b1e0b892e0b8992020202020223b757365725f6c6173746e616d657c733a31383a22e0b8abe0b8ade0b8a1e0b981e0b8aae0b887223b757365725f706f736974696f6e7c733a34353a22e0b899e0b8b1e0b881e0b8a7e0b8b4e0b88ae0b8b2e0b881e0b8b2e0b8a3e0b8a8e0b8b6e0b881e0b8b2e0b8b2223b757365725f67656e6465727c733a313a2231223b757365725f6465706172746d656e747c733a37353a22e0b8a1e0b8abe0b8b2e0b8a7e0b8b4e0b897e0b8a2e0b8b2e0b8a5e0b8b1e0b8a2e0b8a3e0b8b2e0b88ae0b8a0e0b8b1e0b88ee0b8ade0b8b8e0b894e0b8a3e0b898e0b8b2e0b899e0b8b5223b757365725f7374617475737c733a313a2230223b757365725f616464726573737c733a3132333a2232333420e0b884e0b893e0b8b0e0b8a7e0b8b4e0b897e0b8a2e0b8b2e0b8a8e0b8b2e0b8aae0b895e0b8a3e0b98c0d0ae0b8a1e0b8abe0b8b2e0b8a7e0b8b4e0b897e0b8a2e0b8b2e0b8a5e0b8b1e0b8a2e0b8a3e0b8b2e0b88ae0b8a0e0b8b1e0b88fe0b8ade0b8b8e0b894e0b8a3e0b898e0b8b2e0b899e0b8b5223b757365725f74656c6570686f6e657c733a313a222d223b757365725f6d6f62696c657c733a31303a2230383135323031323334223b757365725f67726f75707c733a313a2233223b),
('e38aa67f395e3ad26d1f9ae8bce4cec5152bd921', '10.1.142.59', 1551933400, 0x5f5f63695f6c6173745f726567656e65726174657c693a313535313933333135313b757365725f69647c733a313a2232223b757365725f656d61696c7c733a31353a2261646d696e406c6f63616c2e636f6d223b757365725f7072656669786e616d657c733a393a22e0b899e0b8b2e0b8a2223b757365725f6e616d657c733a32363a22e0b984e0b88ae0b8a2e0b8a7e0b8b1e0b892e0b8992020202020223b757365725f6c6173746e616d657c733a31383a22e0b8abe0b8ade0b8a1e0b981e0b8aae0b887223b757365725f706f736974696f6e7c733a34353a22e0b899e0b8b1e0b881e0b8a7e0b8b4e0b88ae0b8b2e0b881e0b8b2e0b8a3e0b8a8e0b8b6e0b881e0b8b2e0b8b2223b757365725f67656e6465727c733a313a2231223b757365725f6465706172746d656e747c733a37353a22e0b8a1e0b8abe0b8b2e0b8a7e0b8b4e0b897e0b8a2e0b8b2e0b8a5e0b8b1e0b8a2e0b8a3e0b8b2e0b88ae0b8a0e0b8b1e0b88ee0b8ade0b8b8e0b894e0b8a3e0b898e0b8b2e0b899e0b8b5223b757365725f7374617475737c733a313a2230223b757365725f616464726573737c733a3132333a2232333420e0b884e0b893e0b8b0e0b8a7e0b8b4e0b897e0b8a2e0b8b2e0b8a8e0b8b2e0b8aae0b895e0b8a3e0b98c0d0ae0b8a1e0b8abe0b8b2e0b8a7e0b8b4e0b897e0b8a2e0b8b2e0b8a5e0b8b1e0b8a2e0b8a3e0b8b2e0b88ae0b8a0e0b8b1e0b88fe0b8ade0b8b8e0b894e0b8a3e0b898e0b8b2e0b899e0b8b5223b757365725f74656c6570686f6e657c733a313a222d223b757365725f6d6f62696c657c733a31303a2230383135323031323334223b757365725f67726f75707c733a313a2233223b),
('e70695234f3d829bd4a2b23face5274117078f0d', '::1', 1552987086, 0x5f5f63695f6c6173745f726567656e65726174657c693a313535323938363739313b),
('e83be19d4d82e0e44cc84f2832a812e3aca828f1', '::1', 1552975915, 0x5f5f63695f6c6173745f726567656e65726174657c693a313535323937353739313b),
('eb040634cb8bbb7ea32eecf9a49cf1d53b164809', '10.1.142.59', 1551854372, 0x5f5f63695f6c6173745f726567656e65726174657c693a313535313835343137343b757365725f69647c733a313a2232223b757365725f656d61696c7c733a31353a2261646d696e406c6f63616c2e636f6d223b757365725f7072656669786e616d657c733a393a22e0b899e0b8b2e0b8a2223b757365725f6e616d657c733a32363a22e0b984e0b88ae0b8a2e0b8a7e0b8b1e0b892e0b8992020202020223b757365725f6c6173746e616d657c733a31383a22e0b8abe0b8ade0b8a1e0b981e0b8aae0b887223b757365725f706f736974696f6e7c733a34353a22e0b899e0b8b1e0b881e0b8a7e0b8b4e0b88ae0b8b2e0b881e0b8b2e0b8a3e0b8a8e0b8b6e0b881e0b8b2e0b8b2223b757365725f67656e6465727c733a313a2231223b757365725f6465706172746d656e747c733a37353a22e0b8a1e0b8abe0b8b2e0b8a7e0b8b4e0b897e0b8a2e0b8b2e0b8a5e0b8b1e0b8a2e0b8a3e0b8b2e0b88ae0b8a0e0b8b1e0b88ee0b8ade0b8b8e0b894e0b8a3e0b898e0b8b2e0b899e0b8b5223b757365725f7374617475737c733a313a2230223b757365725f616464726573737c733a3132333a2232333420e0b884e0b893e0b8b0e0b8a7e0b8b4e0b897e0b8a2e0b8b2e0b8a8e0b8b2e0b8aae0b895e0b8a3e0b98c0d0ae0b8a1e0b8abe0b8b2e0b8a7e0b8b4e0b897e0b8a2e0b8b2e0b8a5e0b8b1e0b8a2e0b8a3e0b8b2e0b88ae0b8a0e0b8b1e0b88fe0b8ade0b8b8e0b894e0b8a3e0b898e0b8b2e0b899e0b8b5223b757365725f74656c6570686f6e657c733a313a222d223b757365725f6d6f62696c657c733a31303a2230383135323031323334223b757365725f67726f75707c733a313a2233223b),
('ee0007c2ff5bad595afcea84e227f65492e04fc9', '10.1.142.59', 1553066988, 0x5f5f63695f6c6173745f726567656e65726174657c693a313535333036363732373b757365725f69647c733a313a2232223b757365725f656d61696c7c733a31353a2261646d696e406c6f63616c2e636f6d223b757365725f7072656669786e616d657c733a393a22e0b899e0b8b2e0b8a2223b757365725f6e616d657c733a32363a22e0b984e0b88ae0b8a2e0b8a7e0b8b1e0b892e0b8992020202020223b757365725f6c6173746e616d657c733a31383a22e0b8abe0b8ade0b8a1e0b981e0b8aae0b887223b757365725f706f736974696f6e7c733a34353a22e0b899e0b8b1e0b881e0b8a7e0b8b4e0b88ae0b8b2e0b881e0b8b2e0b8a3e0b8a8e0b8b6e0b881e0b8b2e0b8b2223b757365725f67656e6465727c733a313a2231223b757365725f6465706172746d656e747c733a37353a22e0b8a1e0b8abe0b8b2e0b8a7e0b8b4e0b897e0b8a2e0b8b2e0b8a5e0b8b1e0b8a2e0b8a3e0b8b2e0b88ae0b8a0e0b8b1e0b88ee0b8ade0b8b8e0b894e0b8a3e0b898e0b8b2e0b899e0b8b5223b757365725f7374617475737c733a313a2230223b757365725f616464726573737c733a3132333a2232333420e0b884e0b893e0b8b0e0b8a7e0b8b4e0b897e0b8a2e0b8b2e0b8a8e0b8b2e0b8aae0b895e0b8a3e0b98c0d0ae0b8a1e0b8abe0b8b2e0b8a7e0b8b4e0b897e0b8a2e0b8b2e0b8a5e0b8b1e0b8a2e0b8a3e0b8b2e0b88ae0b8a0e0b8b1e0b88fe0b8ade0b8b8e0b894e0b8a3e0b898e0b8b2e0b899e0b8b5223b757365725f74656c6570686f6e657c733a313a222d223b757365725f6d6f62696c657c733a31303a2230383135323031323334223b757365725f67726f75707c733a313a2233223b),
('eec72f2dad321f38c9ed176c9c4dd600095a5ff7', '10.1.142.59', 1551854066, 0x5f5f63695f6c6173745f726567656e65726174657c693a313535313835333737343b757365725f69647c733a313a2232223b757365725f656d61696c7c733a31353a2261646d696e406c6f63616c2e636f6d223b757365725f7072656669786e616d657c733a393a22e0b899e0b8b2e0b8a2223b757365725f6e616d657c733a32363a22e0b984e0b88ae0b8a2e0b8a7e0b8b1e0b892e0b8992020202020223b757365725f6c6173746e616d657c733a31383a22e0b8abe0b8ade0b8a1e0b981e0b8aae0b887223b757365725f706f736974696f6e7c733a34353a22e0b899e0b8b1e0b881e0b8a7e0b8b4e0b88ae0b8b2e0b881e0b8b2e0b8a3e0b8a8e0b8b6e0b881e0b8b2e0b8b2223b757365725f67656e6465727c733a313a2231223b757365725f6465706172746d656e747c733a37353a22e0b8a1e0b8abe0b8b2e0b8a7e0b8b4e0b897e0b8a2e0b8b2e0b8a5e0b8b1e0b8a2e0b8a3e0b8b2e0b88ae0b8a0e0b8b1e0b88ee0b8ade0b8b8e0b894e0b8a3e0b898e0b8b2e0b899e0b8b5223b757365725f7374617475737c733a313a2230223b757365725f616464726573737c733a3132333a2232333420e0b884e0b893e0b8b0e0b8a7e0b8b4e0b897e0b8a2e0b8b2e0b8a8e0b8b2e0b8aae0b895e0b8a3e0b98c0d0ae0b8a1e0b8abe0b8b2e0b8a7e0b8b4e0b897e0b8a2e0b8b2e0b8a5e0b8b1e0b8a2e0b8a3e0b8b2e0b88ae0b8a0e0b8b1e0b88fe0b8ade0b8b8e0b894e0b8a3e0b898e0b8b2e0b899e0b8b5223b757365725f74656c6570686f6e657c733a313a222d223b757365725f6d6f62696c657c733a31303a2230383135323031323334223b757365725f67726f75707c733a313a2233223b),
('f1bf7f2663e4477e85f085482c95d4531084f431', '10.1.142.59', 1553245297, 0x5f5f63695f6c6173745f726567656e65726174657c693a313535333234353031353b757365725f69647c733a313a2232223b757365725f656d61696c7c733a31353a2261646d696e406c6f63616c2e636f6d223b757365725f7072656669786e616d657c733a393a22e0b899e0b8b2e0b8a2223b757365725f6e616d657c733a32363a22e0b984e0b88ae0b8a2e0b8a7e0b8b1e0b892e0b8992020202020223b757365725f6c6173746e616d657c733a31383a22e0b8abe0b8ade0b8a1e0b981e0b8aae0b887223b757365725f706f736974696f6e7c733a34353a22e0b899e0b8b1e0b881e0b8a7e0b8b4e0b88ae0b8b2e0b881e0b8b2e0b8a3e0b8a8e0b8b6e0b881e0b8b2e0b8b2223b757365725f67656e6465727c733a313a2231223b757365725f6465706172746d656e747c733a37353a22e0b8a1e0b8abe0b8b2e0b8a7e0b8b4e0b897e0b8a2e0b8b2e0b8a5e0b8b1e0b8a2e0b8a3e0b8b2e0b88ae0b8a0e0b8b1e0b88ee0b8ade0b8b8e0b894e0b8a3e0b898e0b8b2e0b899e0b8b5223b757365725f7374617475737c733a313a2230223b757365725f616464726573737c733a3132333a2232333420e0b884e0b893e0b8b0e0b8a7e0b8b4e0b897e0b8a2e0b8b2e0b8a8e0b8b2e0b8aae0b895e0b8a3e0b98c0d0ae0b8a1e0b8abe0b8b2e0b8a7e0b8b4e0b897e0b8a2e0b8b2e0b8a5e0b8b1e0b8a2e0b8a3e0b8b2e0b88ae0b8a0e0b8b1e0b88fe0b8ade0b8b8e0b894e0b8a3e0b898e0b8b2e0b899e0b8b5223b757365725f74656c6570686f6e657c733a313a2231223b757365725f6d6f62696c657c733a31303a2230383135323031323334223b757365725f67726f75707c733a313a2233223b),
('f1f5795c8e7ad9df2928208c0549856c7e36102a', '10.1.142.59', 1553241719, 0x5f5f63695f6c6173745f726567656e65726174657c693a313535333234313637363b),
('f41e691d4bdbccd2d88203b126e6f500ea75298c', '::1', 1552989647, 0x5f5f63695f6c6173745f726567656e65726174657c693a313535323938393339393b757365725f69647c733a313a2232223b757365725f656d61696c7c733a31353a2261646d696e406c6f63616c2e636f6d223b757365725f7072656669786e616d657c733a393a22e0b899e0b8b2e0b8a2223b757365725f6e616d657c733a32363a22e0b984e0b88ae0b8a2e0b8a7e0b8b1e0b892e0b8992020202020223b757365725f6c6173746e616d657c733a31383a22e0b8abe0b8ade0b8a1e0b981e0b8aae0b887223b757365725f706f736974696f6e7c733a34353a22e0b899e0b8b1e0b881e0b8a7e0b8b4e0b88ae0b8b2e0b881e0b8b2e0b8a3e0b8a8e0b8b6e0b881e0b8b2e0b8b2223b757365725f67656e6465727c733a313a2231223b757365725f6465706172746d656e747c733a37353a22e0b8a1e0b8abe0b8b2e0b8a7e0b8b4e0b897e0b8a2e0b8b2e0b8a5e0b8b1e0b8a2e0b8a3e0b8b2e0b88ae0b8a0e0b8b1e0b88ee0b8ade0b8b8e0b894e0b8a3e0b898e0b8b2e0b899e0b8b5223b757365725f7374617475737c733a313a2230223b757365725f616464726573737c733a3132333a2232333420e0b884e0b893e0b8b0e0b8a7e0b8b4e0b897e0b8a2e0b8b2e0b8a8e0b8b2e0b8aae0b895e0b8a3e0b98c0d0ae0b8a1e0b8abe0b8b2e0b8a7e0b8b4e0b897e0b8a2e0b8b2e0b8a5e0b8b1e0b8a2e0b8a3e0b8b2e0b88ae0b8a0e0b8b1e0b88fe0b8ade0b8b8e0b894e0b8a3e0b898e0b8b2e0b899e0b8b5223b757365725f74656c6570686f6e657c733a313a222d223b757365725f6d6f62696c657c733a31303a2230383135323031323334223b757365725f67726f75707c733a313a2233223b),
('facca36ecc2fe5c87527bfbffab9c10a411a43cb', '::1', 1552990533, 0x5f5f63695f6c6173745f726567656e65726174657c693a313535323939303236373b757365725f69647c733a313a2232223b757365725f656d61696c7c733a31353a2261646d696e406c6f63616c2e636f6d223b757365725f7072656669786e616d657c733a393a22e0b899e0b8b2e0b8a2223b757365725f6e616d657c733a32363a22e0b984e0b88ae0b8a2e0b8a7e0b8b1e0b892e0b8992020202020223b757365725f6c6173746e616d657c733a31383a22e0b8abe0b8ade0b8a1e0b981e0b8aae0b887223b757365725f706f736974696f6e7c733a34353a22e0b899e0b8b1e0b881e0b8a7e0b8b4e0b88ae0b8b2e0b881e0b8b2e0b8a3e0b8a8e0b8b6e0b881e0b8b2e0b8b2223b757365725f67656e6465727c733a313a2231223b757365725f6465706172746d656e747c733a37353a22e0b8a1e0b8abe0b8b2e0b8a7e0b8b4e0b897e0b8a2e0b8b2e0b8a5e0b8b1e0b8a2e0b8a3e0b8b2e0b88ae0b8a0e0b8b1e0b88ee0b8ade0b8b8e0b894e0b8a3e0b898e0b8b2e0b899e0b8b5223b757365725f7374617475737c733a313a2230223b757365725f616464726573737c733a3132333a2232333420e0b884e0b893e0b8b0e0b8a7e0b8b4e0b897e0b8a2e0b8b2e0b8a8e0b8b2e0b8aae0b895e0b8a3e0b98c0d0ae0b8a1e0b8abe0b8b2e0b8a7e0b8b4e0b897e0b8a2e0b8b2e0b8a5e0b8b1e0b8a2e0b8a3e0b8b2e0b88ae0b8a0e0b8b1e0b88fe0b8ade0b8b8e0b894e0b8a3e0b898e0b8b2e0b899e0b8b5223b757365725f74656c6570686f6e657c733a313a222d223b757365725f6d6f62696c657c733a31303a2230383135323031323334223b757365725f67726f75707c733a313a2233223b),
('fb0806327c568871988ba07ff48a7162319b50cd', '10.1.142.59', 1551940075, 0x5f5f63695f6c6173745f726567656e65726174657c693a313535313933393737373b757365725f69647c733a313a2232223b757365725f656d61696c7c733a31353a2261646d696e406c6f63616c2e636f6d223b757365725f7072656669786e616d657c733a393a22e0b899e0b8b2e0b8a2223b757365725f6e616d657c733a32363a22e0b984e0b88ae0b8a2e0b8a7e0b8b1e0b892e0b8992020202020223b757365725f6c6173746e616d657c733a31383a22e0b8abe0b8ade0b8a1e0b981e0b8aae0b887223b757365725f706f736974696f6e7c733a34353a22e0b899e0b8b1e0b881e0b8a7e0b8b4e0b88ae0b8b2e0b881e0b8b2e0b8a3e0b8a8e0b8b6e0b881e0b8b2e0b8b2223b757365725f67656e6465727c733a313a2231223b757365725f6465706172746d656e747c733a37353a22e0b8a1e0b8abe0b8b2e0b8a7e0b8b4e0b897e0b8a2e0b8b2e0b8a5e0b8b1e0b8a2e0b8a3e0b8b2e0b88ae0b8a0e0b8b1e0b88ee0b8ade0b8b8e0b894e0b8a3e0b898e0b8b2e0b899e0b8b5223b757365725f7374617475737c733a313a2230223b757365725f616464726573737c733a3132333a2232333420e0b884e0b893e0b8b0e0b8a7e0b8b4e0b897e0b8a2e0b8b2e0b8a8e0b8b2e0b8aae0b895e0b8a3e0b98c0d0ae0b8a1e0b8abe0b8b2e0b8a7e0b8b4e0b897e0b8a2e0b8b2e0b8a5e0b8b1e0b8a2e0b8a3e0b8b2e0b88ae0b8a0e0b8b1e0b88fe0b8ade0b8b8e0b894e0b8a3e0b898e0b8b2e0b899e0b8b5223b757365725f74656c6570686f6e657c733a313a222d223b757365725f6d6f62696c657c733a31303a2230383135323031323334223b757365725f67726f75707c733a313a2233223b),
('fc328456464803c3095e4b4078356dcbabfe079e', '10.1.142.59', 1551941773, 0x5f5f63695f6c6173745f726567656e65726174657c693a313535313934313737333b),
('fc4370b58b94e483a63e7b11a549c5e41d91c934', '10.1.142.59', 1551940593, 0x5f5f63695f6c6173745f726567656e65726174657c693a313535313934303432313b757365725f69647c733a313a2232223b757365725f656d61696c7c733a31353a2261646d696e406c6f63616c2e636f6d223b757365725f7072656669786e616d657c733a393a22e0b899e0b8b2e0b8a2223b757365725f6e616d657c733a32363a22e0b984e0b88ae0b8a2e0b8a7e0b8b1e0b892e0b8992020202020223b757365725f6c6173746e616d657c733a31383a22e0b8abe0b8ade0b8a1e0b981e0b8aae0b887223b757365725f706f736974696f6e7c733a34353a22e0b899e0b8b1e0b881e0b8a7e0b8b4e0b88ae0b8b2e0b881e0b8b2e0b8a3e0b8a8e0b8b6e0b881e0b8b2e0b8b2223b757365725f67656e6465727c733a313a2231223b757365725f6465706172746d656e747c733a37353a22e0b8a1e0b8abe0b8b2e0b8a7e0b8b4e0b897e0b8a2e0b8b2e0b8a5e0b8b1e0b8a2e0b8a3e0b8b2e0b88ae0b8a0e0b8b1e0b88ee0b8ade0b8b8e0b894e0b8a3e0b898e0b8b2e0b899e0b8b5223b757365725f7374617475737c733a313a2230223b757365725f616464726573737c733a3132333a2232333420e0b884e0b893e0b8b0e0b8a7e0b8b4e0b897e0b8a2e0b8b2e0b8a8e0b8b2e0b8aae0b895e0b8a3e0b98c0d0ae0b8a1e0b8abe0b8b2e0b8a7e0b8b4e0b897e0b8a2e0b8b2e0b8a5e0b8b1e0b8a2e0b8a3e0b8b2e0b88ae0b8a0e0b8b1e0b88fe0b8ade0b8b8e0b894e0b8a3e0b898e0b8b2e0b899e0b8b5223b757365725f74656c6570686f6e657c733a313a222d223b757365725f6d6f62696c657c733a31303a2230383135323031323334223b757365725f67726f75707c733a313a2233223b),
('fc8bf82d6847d1b4b07b5502f9f53982f0e3cdb6', '10.1.142.59', 1552883324, 0x5f5f63695f6c6173745f726567656e65726174657c693a313535323838333037373b),
('fccac97c91d78b719dd47043ab6c173c127b883c', '10.1.142.59', 1552882078, 0x5f5f63695f6c6173745f726567656e65726174657c693a313535323838323037383b);

-- --------------------------------------------------------

--
-- Table structure for table `menu`
--

CREATE TABLE `menu` (
  `menu_id` int(11) NOT NULL,
  `menu_name` varchar(100) NOT NULL,
  `menu_parent` int(11) NOT NULL COMMENT '',
  `menu_level` int(11) NOT NULL,
  `menu_icon` text NOT NULL,
  `menu_url` text NOT NULL,
  `menu_status` enum('ON','OFF') NOT NULL DEFAULT 'OFF',
  `dt_create` datetime NOT NULL,
  `created_by` int(11) NOT NULL
) ENGINE=InnoDB DEFAULT CHARSET=utf8;

--
-- Dumping data for table `menu`
--

INSERT INTO `menu` (`menu_id`, `menu_name`, `menu_parent`, `menu_level`, `menu_icon`, `menu_url`, `menu_status`, `dt_create`, `created_by`) VALUES
(1, '', 0, 1, '<i class=\"menu-icon fa fa-file-text-o\" aria-hidden=\"true\"></i>', 'index.php/regisjournal/regis', 'ON', '2019-02-18 09:00:00', 0),
(2, '', 0, 1, '<i class=\"menu-icon fa fa-credit-card\" aria-hidden=\"true\"></i>', 'index.php/payment/', 'ON', '2019-02-18 09:00:00', 0),
(3, '', 0, 1, '<i class=\"menu-icon fa fa-cogs\" aria-hidden=\"true\"> </i> \r\n\r\n', '#', 'ON', '0000-00-00 00:00:00', 0),
(4, '', 0, 1, '<i class=\"menu-icon fa fa-list\" aria-hidden=\"true\"> </i> ', 'index.php/payment/checkpayment', 'ON', '0000-00-00 00:00:00', 0),
(5, '', 0, 1, '<i class=\"menu-icon fa fa-file\" aria-hidden=\"true\"></i>', '#', 'ON', '0000-00-00 00:00:00', 0),
(6, '', 5, 2, '<i class=\"menu-icon fa fa-heart\" aria-hidden=\"true\"></i>', 'index.php/report/health', 'ON', '0000-00-00 00:00:00', 0),
(7, '', 5, 2, '<i class=\"fa fa-wifi\"></i>', 'index.php/report/csit', 'ON', '0000-00-00 00:00:00', 0),
(8, '', 5, 2, '<i class=\"fa fa-warning\"></i>', 'index.php/report/life', 'ON', '0000-00-00 00:00:00', 0),
(9, '', 5, 2, '	<i class=\"fa fa-universal-access\"></i>', 'index.php/report/physical', 'ON', '0000-00-00 00:00:00', 0),
(10, '', 3, 2, '<i class=\"menu-icon fa fa-wrench\" aria-hidden=\"true\"></i>\r\n', 'index.php/settingrole', 'ON', '0000-00-00 00:00:00', 0),
(11, '', 3, 2, '<i class=\"menu-icon fa fa-user-secret\" aria-hidden=\"true\"></i>\r\n', 'index.php/settingrole/role', 'ON', '0000-00-00 00:00:00', 0),
(12, '', 0, 1, '<i class=\"menu-icon fa fa-info\" aria-hidden=\"true\"></i>', 'index.php/datame', 'ON', '0000-00-00 00:00:00', 0),
(13, '', 5, 2, '<i class=\"fa fa-bar-chart\" aria-hidden=\"true\"></i>\r\n', 'index.php/report/match', 'ON', '0000-00-00 00:00:00', 0),
(14, 'Template', 0, 1, '<i class=\"menu-icon fa fa-download\" aria-hidden=\"true\"></i>', 'index.php/template', 'ON', '0000-00-00 00:00:00', 0);

-- --------------------------------------------------------

--
-- Table structure for table `menu_config`
--

CREATE TABLE `menu_config` (
  `menuconf_id` int(11) NOT NULL,
  `usergroup_id` int(11) NOT NULL,
  `menu_id` int(11) NOT NULL,
  `menuconf_btnAdd` int(11) NOT NULL,
  `menuconf_btnEdit` int(11) NOT NULL,
  `menuconf_btnView` int(11) NOT NULL,
  `menuconf_status` enum('ON','OFF') NOT NULL DEFAULT 'OFF',
  `dt_create` datetime NOT NULL,
  `created_by` int(11) NOT NULL
) ENGINE=InnoDB DEFAULT CHARSET=utf8;

--
-- Dumping data for table `menu_config`
--

INSERT INTO `menu_config` (`menuconf_id`, `usergroup_id`, `menu_id`, `menuconf_btnAdd`, `menuconf_btnEdit`, `menuconf_btnView`, `menuconf_status`, `dt_create`, `created_by`) VALUES
(8, 3, 1, 0, 0, 0, 'ON', '0000-00-00 00:00:00', 0),
(9, 3, 2, 0, 0, 0, 'ON', '0000-00-00 00:00:00', 0),
(12, 2, 1, 0, 0, 0, 'ON', '2019-02-18 16:58:32', 2),
(13, 2, 2, 0, 0, 0, 'ON', '2019-02-18 16:58:32', 2),
(14, 1, 1, 0, 0, 0, 'ON', '2019-02-20 14:30:23', 2),
(15, 3, 3, 0, 0, 0, 'ON', '0000-00-00 00:00:00', 0),
(16, 3, 4, 0, 0, 0, 'ON', '0000-00-00 00:00:00', 0),
(17, 1, 4, 0, 0, 0, 'ON', '2019-02-23 21:16:34', 2),
(18, 3, 5, 0, 0, 0, 'ON', '0000-00-00 00:00:00', 0),
(19, 3, 6, 0, 0, 0, 'ON', '0000-00-00 00:00:00', 0),
(20, 3, 7, 0, 0, 0, 'ON', '0000-00-00 00:00:00', 0),
(21, 3, 8, 0, 0, 0, 'ON', '0000-00-00 00:00:00', 0),
(22, 3, 9, 0, 0, 0, 'ON', '0000-00-00 00:00:00', 0),
(23, 3, 10, 0, 0, 0, 'ON', '0000-00-00 00:00:00', 0),
(24, 3, 11, 0, 0, 0, 'ON', '0000-00-00 00:00:00', 0),
(1246, 3, 12, 0, 0, 0, 'ON', '0000-00-00 00:00:00', 0),
(1247, 1, 5, 0, 0, 0, 'ON', '2019-03-06 12:51:08', 2),
(1248, 1, 6, 0, 0, 0, 'ON', '2019-03-06 12:51:08', 2),
(1249, 1, 7, 0, 0, 0, 'ON', '2019-03-06 12:51:08', 2),
(1250, 1, 8, 0, 0, 0, 'ON', '2019-03-06 12:51:08', 2),
(1251, 1, 9, 0, 0, 0, 'ON', '2019-03-06 12:51:08', 2),
(1252, 1, 12, 0, 0, 0, 'ON', '2019-03-06 12:51:08', 2),
(1253, 3, 13, 0, 0, 0, 'ON', '0000-00-00 00:00:00', 0),
(1254, 1, 13, 0, 0, 0, 'ON', '2019-03-06 13:34:10', 2),
(1255, 3, 14, 0, 0, 0, 'ON', '0000-00-00 00:00:00', 0),
(1256, 1, 14, 0, 0, 0, 'ON', '2019-03-07 11:02:34', 2),
(1257, 2, 14, 0, 0, 0, 'ON', '2019-03-07 11:02:41', 2);

-- --------------------------------------------------------

--
-- Table structure for table `payment`
--

CREATE TABLE `payment` (
  `pay_id` int(11) NOT NULL,
  `pay_bank` text NOT NULL,
  `pay_time` varchar(100) NOT NULL,
  `pay_detail` text NOT NULL,
  `pay_file` text NOT NULL,
  `pay_status` enum('SUCCESS','NONE','WAIT') NOT NULL DEFAULT 'NONE',
  `regis_id` int(11) NOT NULL,
  `user_id` int(11) NOT NULL,
  `dt_create` datetime NOT NULL,
  `created_by` int(11) NOT NULL
) ENGINE=InnoDB DEFAULT CHARSET=utf8;

--
-- Dumping data for table `payment`
--

INSERT INTO `payment` (`pay_id`, `pay_bank`, `pay_time`, `pay_detail`, `pay_file`, `pay_status`, `regis_id`, `user_id`, `dt_create`, `created_by`) VALUES
(3, 'testsssss', '11:12', '', '140219_100543.jpg', 'SUCCESS', 3, 2, '2019-02-25 21:23:36', 0),
(5, 'test', '11:11', '', '270219_110242.png', 'SUCCESS', 7, 3, '2019-03-11 11:29:19', 2);

-- --------------------------------------------------------

--
-- Table structure for table `regisjournal`
--

CREATE TABLE `regisjournal` (
  `regis_id` int(11) NOT NULL,
  `regis_prenamehead` varchar(100) NOT NULL,
  `regis_namehead` varchar(200) NOT NULL,
  `regis_lastnamehead` varchar(200) NOT NULL,
  `regis_prenameteam` varchar(100) NOT NULL,
  `regis_nameteam` varchar(200) NOT NULL,
  `regis_lastnameteam` varchar(200) NOT NULL,
  `regis_prenameadvisor` varchar(100) NOT NULL,
  `regis_nameadvisor` varchar(200) NOT NULL,
  `regis_projectnameThai` text NOT NULL,
  `regis_projectnameEng` text NOT NULL,
  `regis_lastnameadvisor` varchar(200) NOT NULL,
  `regis_walkin` enum('1','2','3') NOT NULL COMMENT '1= ,2=,3=',
  `title_id` int(11) NOT NULL,
  `regis_file` text NOT NULL,
  `regis_status` enum('SUCCESS','NONE') NOT NULL DEFAULT 'NONE',
  `user_id` int(11) NOT NULL,
  `dt_create` datetime NOT NULL,
  `created_by` int(11) NOT NULL
) ENGINE=InnoDB DEFAULT CHARSET=utf8;

--
-- Dumping data for table `regisjournal`
--

INSERT INTO `regisjournal` (`regis_id`, `regis_prenamehead`, `regis_namehead`, `regis_lastnamehead`, `regis_prenameteam`, `regis_nameteam`, `regis_lastnameteam`, `regis_prenameadvisor`, `regis_nameadvisor`, `regis_projectnameThai`, `regis_projectnameEng`, `regis_lastnameadvisor`, `regis_walkin`, `title_id`, `regis_file`, `regis_status`, `user_id`, `dt_create`, `created_by`) VALUES
(3, '', '', '', '', '', '', '', '', '', 'testsss', '', '2', 4, '', 'SUCCESS', 2, '2019-03-22 16:04:12', 2),
(7, '', 'homsang', 'test', '', '', '', '', '', 'test', 'test', '', '1', 1, '270219_112232.pdf', 'SUCCESS', 3, '2019-02-27 11:22:32', 0);

-- --------------------------------------------------------

--
-- Table structure for table `title`
--

CREATE TABLE `title` (
  `title_id` int(11) NOT NULL,
  `title_group` varchar(5) NOT NULL,
  `title_name` varchar(200) NOT NULL,
  `dt_create` datetime NOT NULL,
  `created_by` int(11) NOT NULL
) ENGINE=InnoDB DEFAULT CHARSET=utf8;

--
-- Dumping data for table `title`
--

INSERT INTO `title` (`title_id`, `title_group`, `title_name`, `dt_create`, `created_by`) VALUES
(1, 'A', '', '2019-01-30 00:00:00', 0),
(2, 'B', '', '2019-01-30 00:00:00', 0),
(3, 'C', '', '2019-01-30 00:00:00', 0),
(4, 'D', '', '2019-01-30 00:00:00', 0),
(5, 'E', '', '0000-00-00 00:00:00', 0);

-- --------------------------------------------------------

--
-- Table structure for table `user`
--

CREATE TABLE `user` (
  `user_id` int(11) NOT NULL COMMENT 'id',
  `user_email` varchar(100) NOT NULL COMMENT 'email',
  `user_password` varchar(50) NOT NULL COMMENT 'password',
  `user_prefixname` varchar(200) NOT NULL,
  `user_name` varchar(100) NOT NULL COMMENT '',
  `user_lastname` varchar(100) NOT NULL COMMENT '',
  `user_position` varchar(100) NOT NULL COMMENT '',
  `user_gender` enum('0','1') NOT NULL COMMENT ' 0 = , 1= ',
  `user_department` text NOT NULL COMMENT '',
  `user_status` enum('0','1','2','3','4') NOT NULL COMMENT ' 0=/, 1= , 2=., 3= ., 4= .',
  `user_address` text NOT NULL COMMENT '',
  `user_walkin` enum('1','2','3') NOT NULL COMMENT '1= ,2=,3=',
  `user_telephone` varchar(10) NOT NULL COMMENT '',
  `user_mobile` varchar(11) NOT NULL COMMENT '',
  `user_group` int(3) NOT NULL,
  `dt_create` datetime NOT NULL,
  `created_by` int(11) NOT NULL
) ENGINE=InnoDB DEFAULT CHARSET=utf8;

--
-- Dumping data for table `user`
--

INSERT INTO `user` (`user_id`, `user_email`, `user_password`, `user_prefixname`, `user_name`, `user_lastname`, `user_position`, `user_gender`, `user_department`, `user_status`, `user_address`, `user_walkin`, `user_telephone`, `user_mobile`, `user_group`, `dt_create`, `created_by`) VALUES
(1, 'te@gmail.com', '81dc9bdb52d04dc20036dbd8313ed055', '', 'chaiwat', '', '', '1', '.', '0', '.', '1', '1', '0815920456', 1, '2019-02-28 00:08:47', 0),
(2, 'admin@local.com', '81dc9bdb52d04dc20036dbd8313ed055', '', ' ', '', '', '1', '', '0', '234 \r\n', '1', '1', '0815201234', 3, '2019-03-22 16:04:51', 2),
(3, 'test@gmail.com', '81dc9bdb52d04dc20036dbd8313ed055', '', 'homsang', 'test', '', '1', 'test', '0', 'test', '1', '', '1111', 2, '2019-02-28 00:08:38', 0),
(4, 'tete@gmail.com', '81dc9bdb52d04dc20036dbd8313ed055', '', 'te', 'te', 'te', '1', 'te', '0', '', '1', '', '', 2, '2019-03-22 16:05:31', 0);

-- --------------------------------------------------------

--
-- Table structure for table `user_group`
--

CREATE TABLE `user_group` (
  `usergroup_id` int(11) NOT NULL,
  `usergroup_name` varchar(200) NOT NULL,
  `usergroup_status` varchar(100) NOT NULL,
  `dt_create` datetime NOT NULL,
  `created_by` int(11) NOT NULL
) ENGINE=InnoDB DEFAULT CHARSET=utf8;

--
-- Dumping data for table `user_group`
--

INSERT INTO `user_group` (`usergroup_id`, `usergroup_name`, `usergroup_status`, `dt_create`, `created_by`) VALUES
(1, 'ADMIN', 'ON', '0000-00-00 00:00:00', 0),
(2, 'USER', 'ON', '0000-00-00 00:00:00', 0),
(3, 'SUPER USER', 'ON', '0000-00-00 00:00:00', 0);

--
-- Indexes for dumped tables
--

--
-- Indexes for table `ci_sessions`
--
ALTER TABLE `ci_sessions`
  ADD PRIMARY KEY (`id`),
  ADD KEY `ci_sessions_timestamp` (`timestamp`);

--
-- Indexes for table `menu`
--
ALTER TABLE `menu`
  ADD PRIMARY KEY (`menu_id`);

--
-- Indexes for table `menu_config`
--
ALTER TABLE `menu_config`
  ADD PRIMARY KEY (`menuconf_id`);

--
-- Indexes for table `payment`
--
ALTER TABLE `payment`
  ADD PRIMARY KEY (`pay_id`);

--
-- Indexes for table `regisjournal`
--
ALTER TABLE `regisjournal`
  ADD PRIMARY KEY (`regis_id`);

--
-- Indexes for table `title`
--
ALTER TABLE `title`
  ADD PRIMARY KEY (`title_id`);

--
-- Indexes for table `user`
--
ALTER TABLE `user`
  ADD PRIMARY KEY (`user_id`);

--
-- Indexes for table `user_group`
--
ALTER TABLE `user_group`
  ADD PRIMARY KEY (`usergroup_id`);

--
-- AUTO_INCREMENT for dumped tables
--

--
-- AUTO_INCREMENT for table `menu`
--
ALTER TABLE `menu`
  MODIFY `menu_id` int(11) NOT NULL AUTO_INCREMENT, AUTO_INCREMENT=15;

--
-- AUTO_INCREMENT for table `menu_config`
--
ALTER TABLE `menu_config`
  MODIFY `menuconf_id` int(11) NOT NULL AUTO_INCREMENT, AUTO_INCREMENT=1258;

--
-- AUTO_INCREMENT for table `payment`
--
ALTER TABLE `payment`
  MODIFY `pay_id` int(11) NOT NULL AUTO_INCREMENT, AUTO_INCREMENT=6;

--
-- AUTO_INCREMENT for table `regisjournal`
--
ALTER TABLE `regisjournal`
  MODIFY `regis_id` int(11) NOT NULL AUTO_INCREMENT, AUTO_INCREMENT=8;

--
-- AUTO_INCREMENT for table `title`
--
ALTER TABLE `title`
  MODIFY `title_id` int(11) NOT NULL AUTO_INCREMENT, AUTO_INCREMENT=6;

--
-- AUTO_INCREMENT for table `user`
--
ALTER TABLE `user`
  MODIFY `user_id` int(11) NOT NULL AUTO_INCREMENT COMMENT 'id', AUTO_INCREMENT=5;

--
-- AUTO_INCREMENT for table `user_group`
--
ALTER TABLE `user_group`
  MODIFY `usergroup_id` int(11) NOT NULL AUTO_INCREMENT, AUTO_INCREMENT=4;
COMMIT;

/*!40101 SET CHARACTER_SET_CLIENT=@OLD_CHARACTER_SET_CLIENT */;
/*!40101 SET CHARACTER_SET_RESULTS=@OLD_CHARACTER_SET_RESULTS */;
/*!40101 SET COLLATION_CONNECTION=@OLD_COLLATION_CONNECTION */;
